state,year,firm_id,cost,wage,rental_rate,epsilon,kappa,alpha,A,Lbar,rho,sales_weight,payroll_weight,property_weight,FA_tax_rate,separate_acct_tax_rate,sales_tax_rate,payroll_tax_rate
1,1,1,100,0.507920270448259,0.217680115906397,3.64432,1,0.3,1,27.848558398,Inf,1,0,0,0,0,0,0
2,1,1,100,0.507920270448259,0.217680115906397,3.64432,1,0.3,1,27.848558398,Inf,1,0,0,0,0,0,0
1,2,1,100,0.507920270448259,0.217680115906397,3.64432,1,0.3,1,27.848558398,Inf,1,0,0,0.0315789473684211,0,0,0
2,2,1,100,0.507920270448259,0.217680115906397,3.64432,1,0.3,1,27.848558398,Inf,1,0,0,0,0,0,0
1,3,1,100,0.507920270448259,0.217680115906397,3.64432,1,0.3,1,27.848558398,Inf,1,0,0,0.0631578947368421,0,0,0
2,3,1,100,0.507920270448259,0.217680115906397,3.64432,1,0.3,1,27.848558398,Inf,1,0,0,0,0,0,0
1,4,1,100,0.507920270448259,0.217680115906397,3.64432,1,0.3,1,27.848558398,Inf,1,0,0,0.0947368421052632,0,0,0
2,4,1,100,0.507920270448259,0.217680115906397,3.64432,1,0.3,1,27.848558398,Inf,1,0,0,0,0,0,0
1,5,1,100,0.507920270448259,0.217680115906397,3.64432,1,0.3,1,27.848558398,Inf,1,0,0,0.126315789473684,0,0,0
2,5,1,100,0.507920270448259,0.217680115906397,3.64432,1,0.3,1,27.848558398,Inf,1,0,0,0,0,0,0
1,6,1,100,0.507920270448259,0.217680115906397,3.64432,1,0.3,1,27.848558398,Inf,1,0,0,0.157894736842105,0,0,0
2,6,1,100,0.507920270448259,0.217680115906397,3.64432,1,0.3,1,27.848558398,Inf,1,0,0,0,0,0,0
1,7,1,100,0.507920270448259,0.217680115906397,3.64432,1,0.3,1,27.848558398,Inf,1,0,0,0.189473684210526,0,0,0
2,7,1,100,0.507920270448259,0.217680115906397,3.64432,1,0.3,1,27.848558398,Inf,1,0,0,0,0,0,0
1,8,1,100,0.507920270448259,0.217680115906397,3.64432,1,0.3,1,27.848558398,Inf,1,0,0,0.221052631578947,0,0,0
2,8,1,100,0.507920270448259,0.217680115906397,3.64432,1,0.3,1,27.848558398,Inf,1,0,0,0,0,0,0
1,9,1,100,0.507920270448259,0.217680115906397,3.64432,1,0.3,1,27.848558398,Inf,1,0,0,0.252631578947368,0,0,0
2,9,1,100,0.507920270448259,0.217680115906397,3.64432,1,0.3,1,27.848558398,Inf,1,0,0,0,0,0,0
1,10,1,100,0.507920270448259,0.217680115906397,3.64432,1,0.3,1,27.848558398,Inf,1,0,0,0.284210526315789,0,0,0
2,10,1,100,0.507920270448259,0.217680115906397,3.64432,1,0.3,1,27.848558398,Inf,1,0,0,0,0,0,0
1,11,1,100,0.507920270448259,0.217680115906397,3.64432,1,0.3,1,27.848558398,Inf,1,0,0,0.315789473684211,0,0,0
2,11,1,100,0.507920270448259,0.217680115906397,3.64432,1,0.3,1,27.848558398,Inf,1,0,0,0,0,0,0
1,12,1,100,0.507920270448259,0.217680115906397,3.64432,1,0.3,1,27.848558398,Inf,1,0,0,0.347368421052632,0,0,0
2,12,1,100,0.507920270448259,0.217680115906397,3.64432,1,0.3,1,27.848558398,Inf,1,0,0,0,0,0,0
1,13,1,100,0.507920270448259,0.217680115906397,3.64432,1,0.3,1,27.848558398,Inf,1,0,0,0.378947368421053,0,0,0
2,13,1,100,0.507920270448259,0.217680115906397,3.64432,1,0.3,1,27.848558398,Inf,1,0,0,0,0,0,0
1,14,1,100,0.507920270448259,0.217680115906397,3.64432,1,0.3,1,27.848558398,Inf,1,0,0,0.410526315789474,0,0,0
2,14,1,100,0.507920270448259,0.217680115906397,3.64432,1,0.3,1,27.848558398,Inf,1,0,0,0,0,0,0
1,15,1,100,0.507920270448259,0.217680115906397,3.64432,1,0.3,1,27.848558398,Inf,1,0,0,0.442105263157895,0,0,0
2,15,1,100,0.507920270448259,0.217680115906397,3.64432,1,0.3,1,27.848558398,Inf,1,0,0,0,0,0,0
1,16,1,100,0.507920270448259,0.217680115906397,3.64432,1,0.3,1,27.848558398,Inf,1,0,0,0.473684210526316,0,0,0
2,16,1,100,0.507920270448259,0.217680115906397,3.64432,1,0.3,1,27.848558398,Inf,1,0,0,0,0,0,0
1,17,1,100,0.507920270448259,0.217680115906397,3.64432,1,0.3,1,27.848558398,Inf,1,0,0,0.505263157894737,0,0,0
2,17,1,100,0.507920270448259,0.217680115906397,3.64432,1,0.3,1,27.848558398,Inf,1,0,0,0,0,0,0
1,18,1,100,0.507920270448259,0.217680115906397,3.64432,1,0.3,1,27.848558398,Inf,1,0,0,0.536842105263158,0,0,0
2,18,1,100,0.507920270448259,0.217680115906397,3.64432,1,0.3,1,27.848558398,Inf,1,0,0,0,0,0,0
1,19,1,100,0.507920270448259,0.217680115906397,3.64432,1,0.3,1,27.848558398,Inf,1,0,0,0.568421052631579,0,0,0
2,19,1,100,0.507920270448259,0.217680115906397,3.64432,1,0.3,1,27.848558398,Inf,1,0,0,0,0,0,0
1,20,1,100,0.507920270448259,0.217680115906397,3.64432,1,0.3,1,27.848558398,Inf,1,0,0,0.6,0,0,0
2,20,1,100,0.507920270448259,0.217680115906397,3.64432,1,0.3,1,27.848558398,Inf,1,0,0,0,0,0,0
1,21,1,100,0.507920270448259,0.217680115906397,3.64432,1,0.3,1,27.848558398,Inf,1,0,0,0,0,0,0
2,21,1,100,0.507920270448259,0.217680115906397,3.64432,1,0.3,1,27.848558398,Inf,1,0,0,0.0315789473684211,0,0,0
1,22,1,100,0.507920270448259,0.217680115906397,3.64432,1,0.3,1,27.848558398,Inf,1,0,0,0.0315789473684211,0,0,0
2,22,1,100,0.507920270448259,0.217680115906397,3.64432,1,0.3,1,27.848558398,Inf,1,0,0,0.0315789473684211,0,0,0
1,23,1,100,0.507920270448259,0.217680115906397,3.64432,1,0.3,1,27.848558398,Inf,1,0,0,0.0631578947368421,0,0,0
2,23,1,100,0.507920270448259,0.217680115906397,3.64432,1,0.3,1,27.848558398,Inf,1,0,0,0.0315789473684211,0,0,0
1,24,1,100,0.507920270448259,0.217680115906397,3.64432,1,0.3,1,27.848558398,Inf,1,0,0,0.0947368421052632,0,0,0
2,24,1,100,0.507920270448259,0.217680115906397,3.64432,1,0.3,1,27.848558398,Inf,1,0,0,0.0315789473684211,0,0,0
1,25,1,100,0.507920270448259,0.217680115906397,3.64432,1,0.3,1,27.848558398,Inf,1,0,0,0.126315789473684,0,0,0
2,25,1,100,0.507920270448259,0.217680115906397,3.64432,1,0.3,1,27.848558398,Inf,1,0,0,0.0315789473684211,0,0,0
1,26,1,100,0.507920270448259,0.217680115906397,3.64432,1,0.3,1,27.848558398,Inf,1,0,0,0.157894736842105,0,0,0
2,26,1,100,0.507920270448259,0.217680115906397,3.64432,1,0.3,1,27.848558398,Inf,1,0,0,0.0315789473684211,0,0,0
1,27,1,100,0.507920270448259,0.217680115906397,3.64432,1,0.3,1,27.848558398,Inf,1,0,0,0.189473684210526,0,0,0
2,27,1,100,0.507920270448259,0.217680115906397,3.64432,1,0.3,1,27.848558398,Inf,1,0,0,0.0315789473684211,0,0,0
1,28,1,100,0.507920270448259,0.217680115906397,3.64432,1,0.3,1,27.848558398,Inf,1,0,0,0.221052631578947,0,0,0
2,28,1,100,0.507920270448259,0.217680115906397,3.64432,1,0.3,1,27.848558398,Inf,1,0,0,0.0315789473684211,0,0,0
1,29,1,100,0.507920270448259,0.217680115906397,3.64432,1,0.3,1,27.848558398,Inf,1,0,0,0.252631578947368,0,0,0
2,29,1,100,0.507920270448259,0.217680115906397,3.64432,1,0.3,1,27.848558398,Inf,1,0,0,0.0315789473684211,0,0,0
1,30,1,100,0.507920270448259,0.217680115906397,3.64432,1,0.3,1,27.848558398,Inf,1,0,0,0.284210526315789,0,0,0
2,30,1,100,0.507920270448259,0.217680115906397,3.64432,1,0.3,1,27.848558398,Inf,1,0,0,0.0315789473684211,0,0,0
1,31,1,100,0.507920270448259,0.217680115906397,3.64432,1,0.3,1,27.848558398,Inf,1,0,0,0.315789473684211,0,0,0
2,31,1,100,0.507920270448259,0.217680115906397,3.64432,1,0.3,1,27.848558398,Inf,1,0,0,0.0315789473684211,0,0,0
1,32,1,100,0.507920270448259,0.217680115906397,3.64432,1,0.3,1,27.848558398,Inf,1,0,0,0.347368421052632,0,0,0
2,32,1,100,0.507920270448259,0.217680115906397,3.64432,1,0.3,1,27.848558398,Inf,1,0,0,0.0315789473684211,0,0,0
1,33,1,100,0.507920270448259,0.217680115906397,3.64432,1,0.3,1,27.848558398,Inf,1,0,0,0.378947368421053,0,0,0
2,33,1,100,0.507920270448259,0.217680115906397,3.64432,1,0.3,1,27.848558398,Inf,1,0,0,0.0315789473684211,0,0,0
1,34,1,100,0.507920270448259,0.217680115906397,3.64432,1,0.3,1,27.848558398,Inf,1,0,0,0.410526315789474,0,0,0
2,34,1,100,0.507920270448259,0.217680115906397,3.64432,1,0.3,1,27.848558398,Inf,1,0,0,0.0315789473684211,0,0,0
1,35,1,100,0.507920270448259,0.217680115906397,3.64432,1,0.3,1,27.848558398,Inf,1,0,0,0.442105263157895,0,0,0
2,35,1,100,0.507920270448259,0.217680115906397,3.64432,1,0.3,1,27.848558398,Inf,1,0,0,0.0315789473684211,0,0,0
1,36,1,100,0.507920270448259,0.217680115906397,3.64432,1,0.3,1,27.848558398,Inf,1,0,0,0.473684210526316,0,0,0
2,36,1,100,0.507920270448259,0.217680115906397,3.64432,1,0.3,1,27.848558398,Inf,1,0,0,0.0315789473684211,0,0,0
1,37,1,100,0.507920270448259,0.217680115906397,3.64432,1,0.3,1,27.848558398,Inf,1,0,0,0.505263157894737,0,0,0
2,37,1,100,0.507920270448259,0.217680115906397,3.64432,1,0.3,1,27.848558398,Inf,1,0,0,0.0315789473684211,0,0,0
1,38,1,100,0.507920270448259,0.217680115906397,3.64432,1,0.3,1,27.848558398,Inf,1,0,0,0.536842105263158,0,0,0
2,38,1,100,0.507920270448259,0.217680115906397,3.64432,1,0.3,1,27.848558398,Inf,1,0,0,0.0315789473684211,0,0,0
1,39,1,100,0.507920270448259,0.217680115906397,3.64432,1,0.3,1,27.848558398,Inf,1,0,0,0.568421052631579,0,0,0
2,39,1,100,0.507920270448259,0.217680115906397,3.64432,1,0.3,1,27.848558398,Inf,1,0,0,0.0315789473684211,0,0,0
1,40,1,100,0.507920270448259,0.217680115906397,3.64432,1,0.3,1,27.848558398,Inf,1,0,0,0.6,0,0,0
2,40,1,100,0.507920270448259,0.217680115906397,3.64432,1,0.3,1,27.848558398,Inf,1,0,0,0.0315789473684211,0,0,0
1,41,1,100,0.507920270448259,0.217680115906397,3.64432,1,0.3,1,27.848558398,Inf,1,0,0,0,0,0,0
2,41,1,100,0.507920270448259,0.217680115906397,3.64432,1,0.3,1,27.848558398,Inf,1,0,0,0.0631578947368421,0,0,0
1,42,1,100,0.507920270448259,0.217680115906397,3.64432,1,0.3,1,27.848558398,Inf,1,0,0,0.0315789473684211,0,0,0
2,42,1,100,0.507920270448259,0.217680115906397,3.64432,1,0.3,1,27.848558398,Inf,1,0,0,0.0631578947368421,0,0,0
1,43,1,100,0.507920270448259,0.217680115906397,3.64432,1,0.3,1,27.848558398,Inf,1,0,0,0.0631578947368421,0,0,0
2,43,1,100,0.507920270448259,0.217680115906397,3.64432,1,0.3,1,27.848558398,Inf,1,0,0,0.0631578947368421,0,0,0
1,44,1,100,0.507920270448259,0.217680115906397,3.64432,1,0.3,1,27.848558398,Inf,1,0,0,0.0947368421052632,0,0,0
2,44,1,100,0.507920270448259,0.217680115906397,3.64432,1,0.3,1,27.848558398,Inf,1,0,0,0.0631578947368421,0,0,0
1,45,1,100,0.507920270448259,0.217680115906397,3.64432,1,0.3,1,27.848558398,Inf,1,0,0,0.126315789473684,0,0,0
2,45,1,100,0.507920270448259,0.217680115906397,3.64432,1,0.3,1,27.848558398,Inf,1,0,0,0.0631578947368421,0,0,0
1,46,1,100,0.507920270448259,0.217680115906397,3.64432,1,0.3,1,27.848558398,Inf,1,0,0,0.157894736842105,0,0,0
2,46,1,100,0.507920270448259,0.217680115906397,3.64432,1,0.3,1,27.848558398,Inf,1,0,0,0.0631578947368421,0,0,0
1,47,1,100,0.507920270448259,0.217680115906397,3.64432,1,0.3,1,27.848558398,Inf,1,0,0,0.189473684210526,0,0,0
2,47,1,100,0.507920270448259,0.217680115906397,3.64432,1,0.3,1,27.848558398,Inf,1,0,0,0.0631578947368421,0,0,0
1,48,1,100,0.507920270448259,0.217680115906397,3.64432,1,0.3,1,27.848558398,Inf,1,0,0,0.221052631578947,0,0,0
2,48,1,100,0.507920270448259,0.217680115906397,3.64432,1,0.3,1,27.848558398,Inf,1,0,0,0.0631578947368421,0,0,0
1,49,1,100,0.507920270448259,0.217680115906397,3.64432,1,0.3,1,27.848558398,Inf,1,0,0,0.252631578947368,0,0,0
2,49,1,100,0.507920270448259,0.217680115906397,3.64432,1,0.3,1,27.848558398,Inf,1,0,0,0.0631578947368421,0,0,0
1,50,1,100,0.507920270448259,0.217680115906397,3.64432,1,0.3,1,27.848558398,Inf,1,0,0,0.284210526315789,0,0,0
2,50,1,100,0.507920270448259,0.217680115906397,3.64432,1,0.3,1,27.848558398,Inf,1,0,0,0.0631578947368421,0,0,0
1,51,1,100,0.507920270448259,0.217680115906397,3.64432,1,0.3,1,27.848558398,Inf,1,0,0,0.315789473684211,0,0,0
2,51,1,100,0.507920270448259,0.217680115906397,3.64432,1,0.3,1,27.848558398,Inf,1,0,0,0.0631578947368421,0,0,0
1,52,1,100,0.507920270448259,0.217680115906397,3.64432,1,0.3,1,27.848558398,Inf,1,0,0,0.347368421052632,0,0,0
2,52,1,100,0.507920270448259,0.217680115906397,3.64432,1,0.3,1,27.848558398,Inf,1,0,0,0.0631578947368421,0,0,0
1,53,1,100,0.507920270448259,0.217680115906397,3.64432,1,0.3,1,27.848558398,Inf,1,0,0,0.378947368421053,0,0,0
2,53,1,100,0.507920270448259,0.217680115906397,3.64432,1,0.3,1,27.848558398,Inf,1,0,0,0.0631578947368421,0,0,0
1,54,1,100,0.507920270448259,0.217680115906397,3.64432,1,0.3,1,27.848558398,Inf,1,0,0,0.410526315789474,0,0,0
2,54,1,100,0.507920270448259,0.217680115906397,3.64432,1,0.3,1,27.848558398,Inf,1,0,0,0.0631578947368421,0,0,0
1,55,1,100,0.507920270448259,0.217680115906397,3.64432,1,0.3,1,27.848558398,Inf,1,0,0,0.442105263157895,0,0,0
2,55,1,100,0.507920270448259,0.217680115906397,3.64432,1,0.3,1,27.848558398,Inf,1,0,0,0.0631578947368421,0,0,0
1,56,1,100,0.507920270448259,0.217680115906397,3.64432,1,0.3,1,27.848558398,Inf,1,0,0,0.473684210526316,0,0,0
2,56,1,100,0.507920270448259,0.217680115906397,3.64432,1,0.3,1,27.848558398,Inf,1,0,0,0.0631578947368421,0,0,0
1,57,1,100,0.507920270448259,0.217680115906397,3.64432,1,0.3,1,27.848558398,Inf,1,0,0,0.505263157894737,0,0,0
2,57,1,100,0.507920270448259,0.217680115906397,3.64432,1,0.3,1,27.848558398,Inf,1,0,0,0.0631578947368421,0,0,0
1,58,1,100,0.507920270448259,0.217680115906397,3.64432,1,0.3,1,27.848558398,Inf,1,0,0,0.536842105263158,0,0,0
2,58,1,100,0.507920270448259,0.217680115906397,3.64432,1,0.3,1,27.848558398,Inf,1,0,0,0.0631578947368421,0,0,0
1,59,1,100,0.507920270448259,0.217680115906397,3.64432,1,0.3,1,27.848558398,Inf,1,0,0,0.568421052631579,0,0,0
2,59,1,100,0.507920270448259,0.217680115906397,3.64432,1,0.3,1,27.848558398,Inf,1,0,0,0.0631578947368421,0,0,0
1,60,1,100,0.507920270448259,0.217680115906397,3.64432,1,0.3,1,27.848558398,Inf,1,0,0,0.6,0,0,0
2,60,1,100,0.507920270448259,0.217680115906397,3.64432,1,0.3,1,27.848558398,Inf,1,0,0,0.0631578947368421,0,0,0
1,61,1,100,0.507920270448259,0.217680115906397,3.64432,1,0.3,1,27.848558398,Inf,1,0,0,0,0,0,0
2,61,1,100,0.507920270448259,0.217680115906397,3.64432,1,0.3,1,27.848558398,Inf,1,0,0,0.0947368421052632,0,0,0
1,62,1,100,0.507920270448259,0.217680115906397,3.64432,1,0.3,1,27.848558398,Inf,1,0,0,0.0315789473684211,0,0,0
2,62,1,100,0.507920270448259,0.217680115906397,3.64432,1,0.3,1,27.848558398,Inf,1,0,0,0.0947368421052632,0,0,0
1,63,1,100,0.507920270448259,0.217680115906397,3.64432,1,0.3,1,27.848558398,Inf,1,0,0,0.0631578947368421,0,0,0
2,63,1,100,0.507920270448259,0.217680115906397,3.64432,1,0.3,1,27.848558398,Inf,1,0,0,0.0947368421052632,0,0,0
1,64,1,100,0.507920270448259,0.217680115906397,3.64432,1,0.3,1,27.848558398,Inf,1,0,0,0.0947368421052632,0,0,0
2,64,1,100,0.507920270448259,0.217680115906397,3.64432,1,0.3,1,27.848558398,Inf,1,0,0,0.0947368421052632,0,0,0
1,65,1,100,0.507920270448259,0.217680115906397,3.64432,1,0.3,1,27.848558398,Inf,1,0,0,0.126315789473684,0,0,0
2,65,1,100,0.507920270448259,0.217680115906397,3.64432,1,0.3,1,27.848558398,Inf,1,0,0,0.0947368421052632,0,0,0
1,66,1,100,0.507920270448259,0.217680115906397,3.64432,1,0.3,1,27.848558398,Inf,1,0,0,0.157894736842105,0,0,0
2,66,1,100,0.507920270448259,0.217680115906397,3.64432,1,0.3,1,27.848558398,Inf,1,0,0,0.0947368421052632,0,0,0
1,67,1,100,0.507920270448259,0.217680115906397,3.64432,1,0.3,1,27.848558398,Inf,1,0,0,0.189473684210526,0,0,0
2,67,1,100,0.507920270448259,0.217680115906397,3.64432,1,0.3,1,27.848558398,Inf,1,0,0,0.0947368421052632,0,0,0
1,68,1,100,0.507920270448259,0.217680115906397,3.64432,1,0.3,1,27.848558398,Inf,1,0,0,0.221052631578947,0,0,0
2,68,1,100,0.507920270448259,0.217680115906397,3.64432,1,0.3,1,27.848558398,Inf,1,0,0,0.0947368421052632,0,0,0
1,69,1,100,0.507920270448259,0.217680115906397,3.64432,1,0.3,1,27.848558398,Inf,1,0,0,0.252631578947368,0,0,0
2,69,1,100,0.507920270448259,0.217680115906397,3.64432,1,0.3,1,27.848558398,Inf,1,0,0,0.0947368421052632,0,0,0
1,70,1,100,0.507920270448259,0.217680115906397,3.64432,1,0.3,1,27.848558398,Inf,1,0,0,0.284210526315789,0,0,0
2,70,1,100,0.507920270448259,0.217680115906397,3.64432,1,0.3,1,27.848558398,Inf,1,0,0,0.0947368421052632,0,0,0
1,71,1,100,0.507920270448259,0.217680115906397,3.64432,1,0.3,1,27.848558398,Inf,1,0,0,0.315789473684211,0,0,0
2,71,1,100,0.507920270448259,0.217680115906397,3.64432,1,0.3,1,27.848558398,Inf,1,0,0,0.0947368421052632,0,0,0
1,72,1,100,0.507920270448259,0.217680115906397,3.64432,1,0.3,1,27.848558398,Inf,1,0,0,0.347368421052632,0,0,0
2,72,1,100,0.507920270448259,0.217680115906397,3.64432,1,0.3,1,27.848558398,Inf,1,0,0,0.0947368421052632,0,0,0
1,73,1,100,0.507920270448259,0.217680115906397,3.64432,1,0.3,1,27.848558398,Inf,1,0,0,0.378947368421053,0,0,0
2,73,1,100,0.507920270448259,0.217680115906397,3.64432,1,0.3,1,27.848558398,Inf,1,0,0,0.0947368421052632,0,0,0
1,74,1,100,0.507920270448259,0.217680115906397,3.64432,1,0.3,1,27.848558398,Inf,1,0,0,0.410526315789474,0,0,0
2,74,1,100,0.507920270448259,0.217680115906397,3.64432,1,0.3,1,27.848558398,Inf,1,0,0,0.0947368421052632,0,0,0
1,75,1,100,0.507920270448259,0.217680115906397,3.64432,1,0.3,1,27.848558398,Inf,1,0,0,0.442105263157895,0,0,0
2,75,1,100,0.507920270448259,0.217680115906397,3.64432,1,0.3,1,27.848558398,Inf,1,0,0,0.0947368421052632,0,0,0
1,76,1,100,0.507920270448259,0.217680115906397,3.64432,1,0.3,1,27.848558398,Inf,1,0,0,0.473684210526316,0,0,0
2,76,1,100,0.507920270448259,0.217680115906397,3.64432,1,0.3,1,27.848558398,Inf,1,0,0,0.0947368421052632,0,0,0
1,77,1,100,0.507920270448259,0.217680115906397,3.64432,1,0.3,1,27.848558398,Inf,1,0,0,0.505263157894737,0,0,0
2,77,1,100,0.507920270448259,0.217680115906397,3.64432,1,0.3,1,27.848558398,Inf,1,0,0,0.0947368421052632,0,0,0
1,78,1,100,0.507920270448259,0.217680115906397,3.64432,1,0.3,1,27.848558398,Inf,1,0,0,0.536842105263158,0,0,0
2,78,1,100,0.507920270448259,0.217680115906397,3.64432,1,0.3,1,27.848558398,Inf,1,0,0,0.0947368421052632,0,0,0
1,79,1,100,0.507920270448259,0.217680115906397,3.64432,1,0.3,1,27.848558398,Inf,1,0,0,0.568421052631579,0,0,0
2,79,1,100,0.507920270448259,0.217680115906397,3.64432,1,0.3,1,27.848558398,Inf,1,0,0,0.0947368421052632,0,0,0
1,80,1,100,0.507920270448259,0.217680115906397,3.64432,1,0.3,1,27.848558398,Inf,1,0,0,0.6,0,0,0
2,80,1,100,0.507920270448259,0.217680115906397,3.64432,1,0.3,1,27.848558398,Inf,1,0,0,0.0947368421052632,0,0,0
1,81,1,100,0.507920270448259,0.217680115906397,3.64432,1,0.3,1,27.848558398,Inf,1,0,0,0,0,0,0
2,81,1,100,0.507920270448259,0.217680115906397,3.64432,1,0.3,1,27.848558398,Inf,1,0,0,0.126315789473684,0,0,0
1,82,1,100,0.507920270448259,0.217680115906397,3.64432,1,0.3,1,27.848558398,Inf,1,0,0,0.0315789473684211,0,0,0
2,82,1,100,0.507920270448259,0.217680115906397,3.64432,1,0.3,1,27.848558398,Inf,1,0,0,0.126315789473684,0,0,0
1,83,1,100,0.507920270448259,0.217680115906397,3.64432,1,0.3,1,27.848558398,Inf,1,0,0,0.0631578947368421,0,0,0
2,83,1,100,0.507920270448259,0.217680115906397,3.64432,1,0.3,1,27.848558398,Inf,1,0,0,0.126315789473684,0,0,0
1,84,1,100,0.507920270448259,0.217680115906397,3.64432,1,0.3,1,27.848558398,Inf,1,0,0,0.0947368421052632,0,0,0
2,84,1,100,0.507920270448259,0.217680115906397,3.64432,1,0.3,1,27.848558398,Inf,1,0,0,0.126315789473684,0,0,0
1,85,1,100,0.507920270448259,0.217680115906397,3.64432,1,0.3,1,27.848558398,Inf,1,0,0,0.126315789473684,0,0,0
2,85,1,100,0.507920270448259,0.217680115906397,3.64432,1,0.3,1,27.848558398,Inf,1,0,0,0.126315789473684,0,0,0
1,86,1,100,0.507920270448259,0.217680115906397,3.64432,1,0.3,1,27.848558398,Inf,1,0,0,0.157894736842105,0,0,0
2,86,1,100,0.507920270448259,0.217680115906397,3.64432,1,0.3,1,27.848558398,Inf,1,0,0,0.126315789473684,0,0,0
1,87,1,100,0.507920270448259,0.217680115906397,3.64432,1,0.3,1,27.848558398,Inf,1,0,0,0.189473684210526,0,0,0
2,87,1,100,0.507920270448259,0.217680115906397,3.64432,1,0.3,1,27.848558398,Inf,1,0,0,0.126315789473684,0,0,0
1,88,1,100,0.507920270448259,0.217680115906397,3.64432,1,0.3,1,27.848558398,Inf,1,0,0,0.221052631578947,0,0,0
2,88,1,100,0.507920270448259,0.217680115906397,3.64432,1,0.3,1,27.848558398,Inf,1,0,0,0.126315789473684,0,0,0
1,89,1,100,0.507920270448259,0.217680115906397,3.64432,1,0.3,1,27.848558398,Inf,1,0,0,0.252631578947368,0,0,0
2,89,1,100,0.507920270448259,0.217680115906397,3.64432,1,0.3,1,27.848558398,Inf,1,0,0,0.126315789473684,0,0,0
1,90,1,100,0.507920270448259,0.217680115906397,3.64432,1,0.3,1,27.848558398,Inf,1,0,0,0.284210526315789,0,0,0
2,90,1,100,0.507920270448259,0.217680115906397,3.64432,1,0.3,1,27.848558398,Inf,1,0,0,0.126315789473684,0,0,0
1,91,1,100,0.507920270448259,0.217680115906397,3.64432,1,0.3,1,27.848558398,Inf,1,0,0,0.315789473684211,0,0,0
2,91,1,100,0.507920270448259,0.217680115906397,3.64432,1,0.3,1,27.848558398,Inf,1,0,0,0.126315789473684,0,0,0
1,92,1,100,0.507920270448259,0.217680115906397,3.64432,1,0.3,1,27.848558398,Inf,1,0,0,0.347368421052632,0,0,0
2,92,1,100,0.507920270448259,0.217680115906397,3.64432,1,0.3,1,27.848558398,Inf,1,0,0,0.126315789473684,0,0,0
1,93,1,100,0.507920270448259,0.217680115906397,3.64432,1,0.3,1,27.848558398,Inf,1,0,0,0.378947368421053,0,0,0
2,93,1,100,0.507920270448259,0.217680115906397,3.64432,1,0.3,1,27.848558398,Inf,1,0,0,0.126315789473684,0,0,0
1,94,1,100,0.507920270448259,0.217680115906397,3.64432,1,0.3,1,27.848558398,Inf,1,0,0,0.410526315789474,0,0,0
2,94,1,100,0.507920270448259,0.217680115906397,3.64432,1,0.3,1,27.848558398,Inf,1,0,0,0.126315789473684,0,0,0
1,95,1,100,0.507920270448259,0.217680115906397,3.64432,1,0.3,1,27.848558398,Inf,1,0,0,0.442105263157895,0,0,0
2,95,1,100,0.507920270448259,0.217680115906397,3.64432,1,0.3,1,27.848558398,Inf,1,0,0,0.126315789473684,0,0,0
1,96,1,100,0.507920270448259,0.217680115906397,3.64432,1,0.3,1,27.848558398,Inf,1,0,0,0.473684210526316,0,0,0
2,96,1,100,0.507920270448259,0.217680115906397,3.64432,1,0.3,1,27.848558398,Inf,1,0,0,0.126315789473684,0,0,0
1,97,1,100,0.507920270448259,0.217680115906397,3.64432,1,0.3,1,27.848558398,Inf,1,0,0,0.505263157894737,0,0,0
2,97,1,100,0.507920270448259,0.217680115906397,3.64432,1,0.3,1,27.848558398,Inf,1,0,0,0.126315789473684,0,0,0
1,98,1,100,0.507920270448259,0.217680115906397,3.64432,1,0.3,1,27.848558398,Inf,1,0,0,0.536842105263158,0,0,0
2,98,1,100,0.507920270448259,0.217680115906397,3.64432,1,0.3,1,27.848558398,Inf,1,0,0,0.126315789473684,0,0,0
1,99,1,100,0.507920270448259,0.217680115906397,3.64432,1,0.3,1,27.848558398,Inf,1,0,0,0.568421052631579,0,0,0
2,99,1,100,0.507920270448259,0.217680115906397,3.64432,1,0.3,1,27.848558398,Inf,1,0,0,0.126315789473684,0,0,0
1,100,1,100,0.507920270448259,0.217680115906397,3.64432,1,0.3,1,27.848558398,Inf,1,0,0,0.6,0,0,0
2,100,1,100,0.507920270448259,0.217680115906397,3.64432,1,0.3,1,27.848558398,Inf,1,0,0,0.126315789473684,0,0,0
1,101,1,100,0.507920270448259,0.217680115906397,3.64432,1,0.3,1,27.848558398,Inf,1,0,0,0,0,0,0
2,101,1,100,0.507920270448259,0.217680115906397,3.64432,1,0.3,1,27.848558398,Inf,1,0,0,0.157894736842105,0,0,0
1,102,1,100,0.507920270448259,0.217680115906397,3.64432,1,0.3,1,27.848558398,Inf,1,0,0,0.0315789473684211,0,0,0
2,102,1,100,0.507920270448259,0.217680115906397,3.64432,1,0.3,1,27.848558398,Inf,1,0,0,0.157894736842105,0,0,0
1,103,1,100,0.507920270448259,0.217680115906397,3.64432,1,0.3,1,27.848558398,Inf,1,0,0,0.0631578947368421,0,0,0
2,103,1,100,0.507920270448259,0.217680115906397,3.64432,1,0.3,1,27.848558398,Inf,1,0,0,0.157894736842105,0,0,0
1,104,1,100,0.507920270448259,0.217680115906397,3.64432,1,0.3,1,27.848558398,Inf,1,0,0,0.0947368421052632,0,0,0
2,104,1,100,0.507920270448259,0.217680115906397,3.64432,1,0.3,1,27.848558398,Inf,1,0,0,0.157894736842105,0,0,0
1,105,1,100,0.507920270448259,0.217680115906397,3.64432,1,0.3,1,27.848558398,Inf,1,0,0,0.126315789473684,0,0,0
2,105,1,100,0.507920270448259,0.217680115906397,3.64432,1,0.3,1,27.848558398,Inf,1,0,0,0.157894736842105,0,0,0
1,106,1,100,0.507920270448259,0.217680115906397,3.64432,1,0.3,1,27.848558398,Inf,1,0,0,0.157894736842105,0,0,0
2,106,1,100,0.507920270448259,0.217680115906397,3.64432,1,0.3,1,27.848558398,Inf,1,0,0,0.157894736842105,0,0,0
1,107,1,100,0.507920270448259,0.217680115906397,3.64432,1,0.3,1,27.848558398,Inf,1,0,0,0.189473684210526,0,0,0
2,107,1,100,0.507920270448259,0.217680115906397,3.64432,1,0.3,1,27.848558398,Inf,1,0,0,0.157894736842105,0,0,0
1,108,1,100,0.507920270448259,0.217680115906397,3.64432,1,0.3,1,27.848558398,Inf,1,0,0,0.221052631578947,0,0,0
2,108,1,100,0.507920270448259,0.217680115906397,3.64432,1,0.3,1,27.848558398,Inf,1,0,0,0.157894736842105,0,0,0
1,109,1,100,0.507920270448259,0.217680115906397,3.64432,1,0.3,1,27.848558398,Inf,1,0,0,0.252631578947368,0,0,0
2,109,1,100,0.507920270448259,0.217680115906397,3.64432,1,0.3,1,27.848558398,Inf,1,0,0,0.157894736842105,0,0,0
1,110,1,100,0.507920270448259,0.217680115906397,3.64432,1,0.3,1,27.848558398,Inf,1,0,0,0.284210526315789,0,0,0
2,110,1,100,0.507920270448259,0.217680115906397,3.64432,1,0.3,1,27.848558398,Inf,1,0,0,0.157894736842105,0,0,0
1,111,1,100,0.507920270448259,0.217680115906397,3.64432,1,0.3,1,27.848558398,Inf,1,0,0,0.315789473684211,0,0,0
2,111,1,100,0.507920270448259,0.217680115906397,3.64432,1,0.3,1,27.848558398,Inf,1,0,0,0.157894736842105,0,0,0
1,112,1,100,0.507920270448259,0.217680115906397,3.64432,1,0.3,1,27.848558398,Inf,1,0,0,0.347368421052632,0,0,0
2,112,1,100,0.507920270448259,0.217680115906397,3.64432,1,0.3,1,27.848558398,Inf,1,0,0,0.157894736842105,0,0,0
1,113,1,100,0.507920270448259,0.217680115906397,3.64432,1,0.3,1,27.848558398,Inf,1,0,0,0.378947368421053,0,0,0
2,113,1,100,0.507920270448259,0.217680115906397,3.64432,1,0.3,1,27.848558398,Inf,1,0,0,0.157894736842105,0,0,0
1,114,1,100,0.507920270448259,0.217680115906397,3.64432,1,0.3,1,27.848558398,Inf,1,0,0,0.410526315789474,0,0,0
2,114,1,100,0.507920270448259,0.217680115906397,3.64432,1,0.3,1,27.848558398,Inf,1,0,0,0.157894736842105,0,0,0
1,115,1,100,0.507920270448259,0.217680115906397,3.64432,1,0.3,1,27.848558398,Inf,1,0,0,0.442105263157895,0,0,0
2,115,1,100,0.507920270448259,0.217680115906397,3.64432,1,0.3,1,27.848558398,Inf,1,0,0,0.157894736842105,0,0,0
1,116,1,100,0.507920270448259,0.217680115906397,3.64432,1,0.3,1,27.848558398,Inf,1,0,0,0.473684210526316,0,0,0
2,116,1,100,0.507920270448259,0.217680115906397,3.64432,1,0.3,1,27.848558398,Inf,1,0,0,0.157894736842105,0,0,0
1,117,1,100,0.507920270448259,0.217680115906397,3.64432,1,0.3,1,27.848558398,Inf,1,0,0,0.505263157894737,0,0,0
2,117,1,100,0.507920270448259,0.217680115906397,3.64432,1,0.3,1,27.848558398,Inf,1,0,0,0.157894736842105,0,0,0
1,118,1,100,0.507920270448259,0.217680115906397,3.64432,1,0.3,1,27.848558398,Inf,1,0,0,0.536842105263158,0,0,0
2,118,1,100,0.507920270448259,0.217680115906397,3.64432,1,0.3,1,27.848558398,Inf,1,0,0,0.157894736842105,0,0,0
1,119,1,100,0.507920270448259,0.217680115906397,3.64432,1,0.3,1,27.848558398,Inf,1,0,0,0.568421052631579,0,0,0
2,119,1,100,0.507920270448259,0.217680115906397,3.64432,1,0.3,1,27.848558398,Inf,1,0,0,0.157894736842105,0,0,0
1,120,1,100,0.507920270448259,0.217680115906397,3.64432,1,0.3,1,27.848558398,Inf,1,0,0,0.6,0,0,0
2,120,1,100,0.507920270448259,0.217680115906397,3.64432,1,0.3,1,27.848558398,Inf,1,0,0,0.157894736842105,0,0,0
1,121,1,100,0.507920270448259,0.217680115906397,3.64432,1,0.3,1,27.848558398,Inf,1,0,0,0,0,0,0
2,121,1,100,0.507920270448259,0.217680115906397,3.64432,1,0.3,1,27.848558398,Inf,1,0,0,0.189473684210526,0,0,0
1,122,1,100,0.507920270448259,0.217680115906397,3.64432,1,0.3,1,27.848558398,Inf,1,0,0,0.0315789473684211,0,0,0
2,122,1,100,0.507920270448259,0.217680115906397,3.64432,1,0.3,1,27.848558398,Inf,1,0,0,0.189473684210526,0,0,0
1,123,1,100,0.507920270448259,0.217680115906397,3.64432,1,0.3,1,27.848558398,Inf,1,0,0,0.0631578947368421,0,0,0
2,123,1,100,0.507920270448259,0.217680115906397,3.64432,1,0.3,1,27.848558398,Inf,1,0,0,0.189473684210526,0,0,0
1,124,1,100,0.507920270448259,0.217680115906397,3.64432,1,0.3,1,27.848558398,Inf,1,0,0,0.0947368421052632,0,0,0
2,124,1,100,0.507920270448259,0.217680115906397,3.64432,1,0.3,1,27.848558398,Inf,1,0,0,0.189473684210526,0,0,0
1,125,1,100,0.507920270448259,0.217680115906397,3.64432,1,0.3,1,27.848558398,Inf,1,0,0,0.126315789473684,0,0,0
2,125,1,100,0.507920270448259,0.217680115906397,3.64432,1,0.3,1,27.848558398,Inf,1,0,0,0.189473684210526,0,0,0
1,126,1,100,0.507920270448259,0.217680115906397,3.64432,1,0.3,1,27.848558398,Inf,1,0,0,0.157894736842105,0,0,0
2,126,1,100,0.507920270448259,0.217680115906397,3.64432,1,0.3,1,27.848558398,Inf,1,0,0,0.189473684210526,0,0,0
1,127,1,100,0.507920270448259,0.217680115906397,3.64432,1,0.3,1,27.848558398,Inf,1,0,0,0.189473684210526,0,0,0
2,127,1,100,0.507920270448259,0.217680115906397,3.64432,1,0.3,1,27.848558398,Inf,1,0,0,0.189473684210526,0,0,0
1,128,1,100,0.507920270448259,0.217680115906397,3.64432,1,0.3,1,27.848558398,Inf,1,0,0,0.221052631578947,0,0,0
2,128,1,100,0.507920270448259,0.217680115906397,3.64432,1,0.3,1,27.848558398,Inf,1,0,0,0.189473684210526,0,0,0
1,129,1,100,0.507920270448259,0.217680115906397,3.64432,1,0.3,1,27.848558398,Inf,1,0,0,0.252631578947368,0,0,0
2,129,1,100,0.507920270448259,0.217680115906397,3.64432,1,0.3,1,27.848558398,Inf,1,0,0,0.189473684210526,0,0,0
1,130,1,100,0.507920270448259,0.217680115906397,3.64432,1,0.3,1,27.848558398,Inf,1,0,0,0.284210526315789,0,0,0
2,130,1,100,0.507920270448259,0.217680115906397,3.64432,1,0.3,1,27.848558398,Inf,1,0,0,0.189473684210526,0,0,0
1,131,1,100,0.507920270448259,0.217680115906397,3.64432,1,0.3,1,27.848558398,Inf,1,0,0,0.315789473684211,0,0,0
2,131,1,100,0.507920270448259,0.217680115906397,3.64432,1,0.3,1,27.848558398,Inf,1,0,0,0.189473684210526,0,0,0
1,132,1,100,0.507920270448259,0.217680115906397,3.64432,1,0.3,1,27.848558398,Inf,1,0,0,0.347368421052632,0,0,0
2,132,1,100,0.507920270448259,0.217680115906397,3.64432,1,0.3,1,27.848558398,Inf,1,0,0,0.189473684210526,0,0,0
1,133,1,100,0.507920270448259,0.217680115906397,3.64432,1,0.3,1,27.848558398,Inf,1,0,0,0.378947368421053,0,0,0
2,133,1,100,0.507920270448259,0.217680115906397,3.64432,1,0.3,1,27.848558398,Inf,1,0,0,0.189473684210526,0,0,0
1,134,1,100,0.507920270448259,0.217680115906397,3.64432,1,0.3,1,27.848558398,Inf,1,0,0,0.410526315789474,0,0,0
2,134,1,100,0.507920270448259,0.217680115906397,3.64432,1,0.3,1,27.848558398,Inf,1,0,0,0.189473684210526,0,0,0
1,135,1,100,0.507920270448259,0.217680115906397,3.64432,1,0.3,1,27.848558398,Inf,1,0,0,0.442105263157895,0,0,0
2,135,1,100,0.507920270448259,0.217680115906397,3.64432,1,0.3,1,27.848558398,Inf,1,0,0,0.189473684210526,0,0,0
1,136,1,100,0.507920270448259,0.217680115906397,3.64432,1,0.3,1,27.848558398,Inf,1,0,0,0.473684210526316,0,0,0
2,136,1,100,0.507920270448259,0.217680115906397,3.64432,1,0.3,1,27.848558398,Inf,1,0,0,0.189473684210526,0,0,0
1,137,1,100,0.507920270448259,0.217680115906397,3.64432,1,0.3,1,27.848558398,Inf,1,0,0,0.505263157894737,0,0,0
2,137,1,100,0.507920270448259,0.217680115906397,3.64432,1,0.3,1,27.848558398,Inf,1,0,0,0.189473684210526,0,0,0
1,138,1,100,0.507920270448259,0.217680115906397,3.64432,1,0.3,1,27.848558398,Inf,1,0,0,0.536842105263158,0,0,0
2,138,1,100,0.507920270448259,0.217680115906397,3.64432,1,0.3,1,27.848558398,Inf,1,0,0,0.189473684210526,0,0,0
1,139,1,100,0.507920270448259,0.217680115906397,3.64432,1,0.3,1,27.848558398,Inf,1,0,0,0.568421052631579,0,0,0
2,139,1,100,0.507920270448259,0.217680115906397,3.64432,1,0.3,1,27.848558398,Inf,1,0,0,0.189473684210526,0,0,0
1,140,1,100,0.507920270448259,0.217680115906397,3.64432,1,0.3,1,27.848558398,Inf,1,0,0,0.6,0,0,0
2,140,1,100,0.507920270448259,0.217680115906397,3.64432,1,0.3,1,27.848558398,Inf,1,0,0,0.189473684210526,0,0,0
1,141,1,100,0.507920270448259,0.217680115906397,3.64432,1,0.3,1,27.848558398,Inf,1,0,0,0,0,0,0
2,141,1,100,0.507920270448259,0.217680115906397,3.64432,1,0.3,1,27.848558398,Inf,1,0,0,0.221052631578947,0,0,0
1,142,1,100,0.507920270448259,0.217680115906397,3.64432,1,0.3,1,27.848558398,Inf,1,0,0,0.0315789473684211,0,0,0
2,142,1,100,0.507920270448259,0.217680115906397,3.64432,1,0.3,1,27.848558398,Inf,1,0,0,0.221052631578947,0,0,0
1,143,1,100,0.507920270448259,0.217680115906397,3.64432,1,0.3,1,27.848558398,Inf,1,0,0,0.0631578947368421,0,0,0
2,143,1,100,0.507920270448259,0.217680115906397,3.64432,1,0.3,1,27.848558398,Inf,1,0,0,0.221052631578947,0,0,0
1,144,1,100,0.507920270448259,0.217680115906397,3.64432,1,0.3,1,27.848558398,Inf,1,0,0,0.0947368421052632,0,0,0
2,144,1,100,0.507920270448259,0.217680115906397,3.64432,1,0.3,1,27.848558398,Inf,1,0,0,0.221052631578947,0,0,0
1,145,1,100,0.507920270448259,0.217680115906397,3.64432,1,0.3,1,27.848558398,Inf,1,0,0,0.126315789473684,0,0,0
2,145,1,100,0.507920270448259,0.217680115906397,3.64432,1,0.3,1,27.848558398,Inf,1,0,0,0.221052631578947,0,0,0
1,146,1,100,0.507920270448259,0.217680115906397,3.64432,1,0.3,1,27.848558398,Inf,1,0,0,0.157894736842105,0,0,0
2,146,1,100,0.507920270448259,0.217680115906397,3.64432,1,0.3,1,27.848558398,Inf,1,0,0,0.221052631578947,0,0,0
1,147,1,100,0.507920270448259,0.217680115906397,3.64432,1,0.3,1,27.848558398,Inf,1,0,0,0.189473684210526,0,0,0
2,147,1,100,0.507920270448259,0.217680115906397,3.64432,1,0.3,1,27.848558398,Inf,1,0,0,0.221052631578947,0,0,0
1,148,1,100,0.507920270448259,0.217680115906397,3.64432,1,0.3,1,27.848558398,Inf,1,0,0,0.221052631578947,0,0,0
2,148,1,100,0.507920270448259,0.217680115906397,3.64432,1,0.3,1,27.848558398,Inf,1,0,0,0.221052631578947,0,0,0
1,149,1,100,0.507920270448259,0.217680115906397,3.64432,1,0.3,1,27.848558398,Inf,1,0,0,0.252631578947368,0,0,0
2,149,1,100,0.507920270448259,0.217680115906397,3.64432,1,0.3,1,27.848558398,Inf,1,0,0,0.221052631578947,0,0,0
1,150,1,100,0.507920270448259,0.217680115906397,3.64432,1,0.3,1,27.848558398,Inf,1,0,0,0.284210526315789,0,0,0
2,150,1,100,0.507920270448259,0.217680115906397,3.64432,1,0.3,1,27.848558398,Inf,1,0,0,0.221052631578947,0,0,0
1,151,1,100,0.507920270448259,0.217680115906397,3.64432,1,0.3,1,27.848558398,Inf,1,0,0,0.315789473684211,0,0,0
2,151,1,100,0.507920270448259,0.217680115906397,3.64432,1,0.3,1,27.848558398,Inf,1,0,0,0.221052631578947,0,0,0
1,152,1,100,0.507920270448259,0.217680115906397,3.64432,1,0.3,1,27.848558398,Inf,1,0,0,0.347368421052632,0,0,0
2,152,1,100,0.507920270448259,0.217680115906397,3.64432,1,0.3,1,27.848558398,Inf,1,0,0,0.221052631578947,0,0,0
1,153,1,100,0.507920270448259,0.217680115906397,3.64432,1,0.3,1,27.848558398,Inf,1,0,0,0.378947368421053,0,0,0
2,153,1,100,0.507920270448259,0.217680115906397,3.64432,1,0.3,1,27.848558398,Inf,1,0,0,0.221052631578947,0,0,0
1,154,1,100,0.507920270448259,0.217680115906397,3.64432,1,0.3,1,27.848558398,Inf,1,0,0,0.410526315789474,0,0,0
2,154,1,100,0.507920270448259,0.217680115906397,3.64432,1,0.3,1,27.848558398,Inf,1,0,0,0.221052631578947,0,0,0
1,155,1,100,0.507920270448259,0.217680115906397,3.64432,1,0.3,1,27.848558398,Inf,1,0,0,0.442105263157895,0,0,0
2,155,1,100,0.507920270448259,0.217680115906397,3.64432,1,0.3,1,27.848558398,Inf,1,0,0,0.221052631578947,0,0,0
1,156,1,100,0.507920270448259,0.217680115906397,3.64432,1,0.3,1,27.848558398,Inf,1,0,0,0.473684210526316,0,0,0
2,156,1,100,0.507920270448259,0.217680115906397,3.64432,1,0.3,1,27.848558398,Inf,1,0,0,0.221052631578947,0,0,0
1,157,1,100,0.507920270448259,0.217680115906397,3.64432,1,0.3,1,27.848558398,Inf,1,0,0,0.505263157894737,0,0,0
2,157,1,100,0.507920270448259,0.217680115906397,3.64432,1,0.3,1,27.848558398,Inf,1,0,0,0.221052631578947,0,0,0
1,158,1,100,0.507920270448259,0.217680115906397,3.64432,1,0.3,1,27.848558398,Inf,1,0,0,0.536842105263158,0,0,0
2,158,1,100,0.507920270448259,0.217680115906397,3.64432,1,0.3,1,27.848558398,Inf,1,0,0,0.221052631578947,0,0,0
1,159,1,100,0.507920270448259,0.217680115906397,3.64432,1,0.3,1,27.848558398,Inf,1,0,0,0.568421052631579,0,0,0
2,159,1,100,0.507920270448259,0.217680115906397,3.64432,1,0.3,1,27.848558398,Inf,1,0,0,0.221052631578947,0,0,0
1,160,1,100,0.507920270448259,0.217680115906397,3.64432,1,0.3,1,27.848558398,Inf,1,0,0,0.6,0,0,0
2,160,1,100,0.507920270448259,0.217680115906397,3.64432,1,0.3,1,27.848558398,Inf,1,0,0,0.221052631578947,0,0,0
1,161,1,100,0.507920270448259,0.217680115906397,3.64432,1,0.3,1,27.848558398,Inf,1,0,0,0,0,0,0
2,161,1,100,0.507920270448259,0.217680115906397,3.64432,1,0.3,1,27.848558398,Inf,1,0,0,0.252631578947368,0,0,0
1,162,1,100,0.507920270448259,0.217680115906397,3.64432,1,0.3,1,27.848558398,Inf,1,0,0,0.0315789473684211,0,0,0
2,162,1,100,0.507920270448259,0.217680115906397,3.64432,1,0.3,1,27.848558398,Inf,1,0,0,0.252631578947368,0,0,0
1,163,1,100,0.507920270448259,0.217680115906397,3.64432,1,0.3,1,27.848558398,Inf,1,0,0,0.0631578947368421,0,0,0
2,163,1,100,0.507920270448259,0.217680115906397,3.64432,1,0.3,1,27.848558398,Inf,1,0,0,0.252631578947368,0,0,0
1,164,1,100,0.507920270448259,0.217680115906397,3.64432,1,0.3,1,27.848558398,Inf,1,0,0,0.0947368421052632,0,0,0
2,164,1,100,0.507920270448259,0.217680115906397,3.64432,1,0.3,1,27.848558398,Inf,1,0,0,0.252631578947368,0,0,0
1,165,1,100,0.507920270448259,0.217680115906397,3.64432,1,0.3,1,27.848558398,Inf,1,0,0,0.126315789473684,0,0,0
2,165,1,100,0.507920270448259,0.217680115906397,3.64432,1,0.3,1,27.848558398,Inf,1,0,0,0.252631578947368,0,0,0
1,166,1,100,0.507920270448259,0.217680115906397,3.64432,1,0.3,1,27.848558398,Inf,1,0,0,0.157894736842105,0,0,0
2,166,1,100,0.507920270448259,0.217680115906397,3.64432,1,0.3,1,27.848558398,Inf,1,0,0,0.252631578947368,0,0,0
1,167,1,100,0.507920270448259,0.217680115906397,3.64432,1,0.3,1,27.848558398,Inf,1,0,0,0.189473684210526,0,0,0
2,167,1,100,0.507920270448259,0.217680115906397,3.64432,1,0.3,1,27.848558398,Inf,1,0,0,0.252631578947368,0,0,0
1,168,1,100,0.507920270448259,0.217680115906397,3.64432,1,0.3,1,27.848558398,Inf,1,0,0,0.221052631578947,0,0,0
2,168,1,100,0.507920270448259,0.217680115906397,3.64432,1,0.3,1,27.848558398,Inf,1,0,0,0.252631578947368,0,0,0
1,169,1,100,0.507920270448259,0.217680115906397,3.64432,1,0.3,1,27.848558398,Inf,1,0,0,0.252631578947368,0,0,0
2,169,1,100,0.507920270448259,0.217680115906397,3.64432,1,0.3,1,27.848558398,Inf,1,0,0,0.252631578947368,0,0,0
1,170,1,100,0.507920270448259,0.217680115906397,3.64432,1,0.3,1,27.848558398,Inf,1,0,0,0.284210526315789,0,0,0
2,170,1,100,0.507920270448259,0.217680115906397,3.64432,1,0.3,1,27.848558398,Inf,1,0,0,0.252631578947368,0,0,0
1,171,1,100,0.507920270448259,0.217680115906397,3.64432,1,0.3,1,27.848558398,Inf,1,0,0,0.315789473684211,0,0,0
2,171,1,100,0.507920270448259,0.217680115906397,3.64432,1,0.3,1,27.848558398,Inf,1,0,0,0.252631578947368,0,0,0
1,172,1,100,0.507920270448259,0.217680115906397,3.64432,1,0.3,1,27.848558398,Inf,1,0,0,0.347368421052632,0,0,0
2,172,1,100,0.507920270448259,0.217680115906397,3.64432,1,0.3,1,27.848558398,Inf,1,0,0,0.252631578947368,0,0,0
1,173,1,100,0.507920270448259,0.217680115906397,3.64432,1,0.3,1,27.848558398,Inf,1,0,0,0.378947368421053,0,0,0
2,173,1,100,0.507920270448259,0.217680115906397,3.64432,1,0.3,1,27.848558398,Inf,1,0,0,0.252631578947368,0,0,0
1,174,1,100,0.507920270448259,0.217680115906397,3.64432,1,0.3,1,27.848558398,Inf,1,0,0,0.410526315789474,0,0,0
2,174,1,100,0.507920270448259,0.217680115906397,3.64432,1,0.3,1,27.848558398,Inf,1,0,0,0.252631578947368,0,0,0
1,175,1,100,0.507920270448259,0.217680115906397,3.64432,1,0.3,1,27.848558398,Inf,1,0,0,0.442105263157895,0,0,0
2,175,1,100,0.507920270448259,0.217680115906397,3.64432,1,0.3,1,27.848558398,Inf,1,0,0,0.252631578947368,0,0,0
1,176,1,100,0.507920270448259,0.217680115906397,3.64432,1,0.3,1,27.848558398,Inf,1,0,0,0.473684210526316,0,0,0
2,176,1,100,0.507920270448259,0.217680115906397,3.64432,1,0.3,1,27.848558398,Inf,1,0,0,0.252631578947368,0,0,0
1,177,1,100,0.507920270448259,0.217680115906397,3.64432,1,0.3,1,27.848558398,Inf,1,0,0,0.505263157894737,0,0,0
2,177,1,100,0.507920270448259,0.217680115906397,3.64432,1,0.3,1,27.848558398,Inf,1,0,0,0.252631578947368,0,0,0
1,178,1,100,0.507920270448259,0.217680115906397,3.64432,1,0.3,1,27.848558398,Inf,1,0,0,0.536842105263158,0,0,0
2,178,1,100,0.507920270448259,0.217680115906397,3.64432,1,0.3,1,27.848558398,Inf,1,0,0,0.252631578947368,0,0,0
1,179,1,100,0.507920270448259,0.217680115906397,3.64432,1,0.3,1,27.848558398,Inf,1,0,0,0.568421052631579,0,0,0
2,179,1,100,0.507920270448259,0.217680115906397,3.64432,1,0.3,1,27.848558398,Inf,1,0,0,0.252631578947368,0,0,0
1,180,1,100,0.507920270448259,0.217680115906397,3.64432,1,0.3,1,27.848558398,Inf,1,0,0,0.6,0,0,0
2,180,1,100,0.507920270448259,0.217680115906397,3.64432,1,0.3,1,27.848558398,Inf,1,0,0,0.252631578947368,0,0,0
1,181,1,100,0.507920270448259,0.217680115906397,3.64432,1,0.3,1,27.848558398,Inf,1,0,0,0,0,0,0
2,181,1,100,0.507920270448259,0.217680115906397,3.64432,1,0.3,1,27.848558398,Inf,1,0,0,0.284210526315789,0,0,0
1,182,1,100,0.507920270448259,0.217680115906397,3.64432,1,0.3,1,27.848558398,Inf,1,0,0,0.0315789473684211,0,0,0
2,182,1,100,0.507920270448259,0.217680115906397,3.64432,1,0.3,1,27.848558398,Inf,1,0,0,0.284210526315789,0,0,0
1,183,1,100,0.507920270448259,0.217680115906397,3.64432,1,0.3,1,27.848558398,Inf,1,0,0,0.0631578947368421,0,0,0
2,183,1,100,0.507920270448259,0.217680115906397,3.64432,1,0.3,1,27.848558398,Inf,1,0,0,0.284210526315789,0,0,0
1,184,1,100,0.507920270448259,0.217680115906397,3.64432,1,0.3,1,27.848558398,Inf,1,0,0,0.0947368421052632,0,0,0
2,184,1,100,0.507920270448259,0.217680115906397,3.64432,1,0.3,1,27.848558398,Inf,1,0,0,0.284210526315789,0,0,0
1,185,1,100,0.507920270448259,0.217680115906397,3.64432,1,0.3,1,27.848558398,Inf,1,0,0,0.126315789473684,0,0,0
2,185,1,100,0.507920270448259,0.217680115906397,3.64432,1,0.3,1,27.848558398,Inf,1,0,0,0.284210526315789,0,0,0
1,186,1,100,0.507920270448259,0.217680115906397,3.64432,1,0.3,1,27.848558398,Inf,1,0,0,0.157894736842105,0,0,0
2,186,1,100,0.507920270448259,0.217680115906397,3.64432,1,0.3,1,27.848558398,Inf,1,0,0,0.284210526315789,0,0,0
1,187,1,100,0.507920270448259,0.217680115906397,3.64432,1,0.3,1,27.848558398,Inf,1,0,0,0.189473684210526,0,0,0
2,187,1,100,0.507920270448259,0.217680115906397,3.64432,1,0.3,1,27.848558398,Inf,1,0,0,0.284210526315789,0,0,0
1,188,1,100,0.507920270448259,0.217680115906397,3.64432,1,0.3,1,27.848558398,Inf,1,0,0,0.221052631578947,0,0,0
2,188,1,100,0.507920270448259,0.217680115906397,3.64432,1,0.3,1,27.848558398,Inf,1,0,0,0.284210526315789,0,0,0
1,189,1,100,0.507920270448259,0.217680115906397,3.64432,1,0.3,1,27.848558398,Inf,1,0,0,0.252631578947368,0,0,0
2,189,1,100,0.507920270448259,0.217680115906397,3.64432,1,0.3,1,27.848558398,Inf,1,0,0,0.284210526315789,0,0,0
1,190,1,100,0.507920270448259,0.217680115906397,3.64432,1,0.3,1,27.848558398,Inf,1,0,0,0.284210526315789,0,0,0
2,190,1,100,0.507920270448259,0.217680115906397,3.64432,1,0.3,1,27.848558398,Inf,1,0,0,0.284210526315789,0,0,0
1,191,1,100,0.507920270448259,0.217680115906397,3.64432,1,0.3,1,27.848558398,Inf,1,0,0,0.315789473684211,0,0,0
2,191,1,100,0.507920270448259,0.217680115906397,3.64432,1,0.3,1,27.848558398,Inf,1,0,0,0.284210526315789,0,0,0
1,192,1,100,0.507920270448259,0.217680115906397,3.64432,1,0.3,1,27.848558398,Inf,1,0,0,0.347368421052632,0,0,0
2,192,1,100,0.507920270448259,0.217680115906397,3.64432,1,0.3,1,27.848558398,Inf,1,0,0,0.284210526315789,0,0,0
1,193,1,100,0.507920270448259,0.217680115906397,3.64432,1,0.3,1,27.848558398,Inf,1,0,0,0.378947368421053,0,0,0
2,193,1,100,0.507920270448259,0.217680115906397,3.64432,1,0.3,1,27.848558398,Inf,1,0,0,0.284210526315789,0,0,0
1,194,1,100,0.507920270448259,0.217680115906397,3.64432,1,0.3,1,27.848558398,Inf,1,0,0,0.410526315789474,0,0,0
2,194,1,100,0.507920270448259,0.217680115906397,3.64432,1,0.3,1,27.848558398,Inf,1,0,0,0.284210526315789,0,0,0
1,195,1,100,0.507920270448259,0.217680115906397,3.64432,1,0.3,1,27.848558398,Inf,1,0,0,0.442105263157895,0,0,0
2,195,1,100,0.507920270448259,0.217680115906397,3.64432,1,0.3,1,27.848558398,Inf,1,0,0,0.284210526315789,0,0,0
1,196,1,100,0.507920270448259,0.217680115906397,3.64432,1,0.3,1,27.848558398,Inf,1,0,0,0.473684210526316,0,0,0
2,196,1,100,0.507920270448259,0.217680115906397,3.64432,1,0.3,1,27.848558398,Inf,1,0,0,0.284210526315789,0,0,0
1,197,1,100,0.507920270448259,0.217680115906397,3.64432,1,0.3,1,27.848558398,Inf,1,0,0,0.505263157894737,0,0,0
2,197,1,100,0.507920270448259,0.217680115906397,3.64432,1,0.3,1,27.848558398,Inf,1,0,0,0.284210526315789,0,0,0
1,198,1,100,0.507920270448259,0.217680115906397,3.64432,1,0.3,1,27.848558398,Inf,1,0,0,0.536842105263158,0,0,0
2,198,1,100,0.507920270448259,0.217680115906397,3.64432,1,0.3,1,27.848558398,Inf,1,0,0,0.284210526315789,0,0,0
1,199,1,100,0.507920270448259,0.217680115906397,3.64432,1,0.3,1,27.848558398,Inf,1,0,0,0.568421052631579,0,0,0
2,199,1,100,0.507920270448259,0.217680115906397,3.64432,1,0.3,1,27.848558398,Inf,1,0,0,0.284210526315789,0,0,0
1,200,1,100,0.507920270448259,0.217680115906397,3.64432,1,0.3,1,27.848558398,Inf,1,0,0,0.6,0,0,0
2,200,1,100,0.507920270448259,0.217680115906397,3.64432,1,0.3,1,27.848558398,Inf,1,0,0,0.284210526315789,0,0,0
1,201,1,100,0.507920270448259,0.217680115906397,3.64432,1,0.3,1,27.848558398,Inf,1,0,0,0,0,0,0
2,201,1,100,0.507920270448259,0.217680115906397,3.64432,1,0.3,1,27.848558398,Inf,1,0,0,0.315789473684211,0,0,0
1,202,1,100,0.507920270448259,0.217680115906397,3.64432,1,0.3,1,27.848558398,Inf,1,0,0,0.0315789473684211,0,0,0
2,202,1,100,0.507920270448259,0.217680115906397,3.64432,1,0.3,1,27.848558398,Inf,1,0,0,0.315789473684211,0,0,0
1,203,1,100,0.507920270448259,0.217680115906397,3.64432,1,0.3,1,27.848558398,Inf,1,0,0,0.0631578947368421,0,0,0
2,203,1,100,0.507920270448259,0.217680115906397,3.64432,1,0.3,1,27.848558398,Inf,1,0,0,0.315789473684211,0,0,0
1,204,1,100,0.507920270448259,0.217680115906397,3.64432,1,0.3,1,27.848558398,Inf,1,0,0,0.0947368421052632,0,0,0
2,204,1,100,0.507920270448259,0.217680115906397,3.64432,1,0.3,1,27.848558398,Inf,1,0,0,0.315789473684211,0,0,0
1,205,1,100,0.507920270448259,0.217680115906397,3.64432,1,0.3,1,27.848558398,Inf,1,0,0,0.126315789473684,0,0,0
2,205,1,100,0.507920270448259,0.217680115906397,3.64432,1,0.3,1,27.848558398,Inf,1,0,0,0.315789473684211,0,0,0
1,206,1,100,0.507920270448259,0.217680115906397,3.64432,1,0.3,1,27.848558398,Inf,1,0,0,0.157894736842105,0,0,0
2,206,1,100,0.507920270448259,0.217680115906397,3.64432,1,0.3,1,27.848558398,Inf,1,0,0,0.315789473684211,0,0,0
1,207,1,100,0.507920270448259,0.217680115906397,3.64432,1,0.3,1,27.848558398,Inf,1,0,0,0.189473684210526,0,0,0
2,207,1,100,0.507920270448259,0.217680115906397,3.64432,1,0.3,1,27.848558398,Inf,1,0,0,0.315789473684211,0,0,0
1,208,1,100,0.507920270448259,0.217680115906397,3.64432,1,0.3,1,27.848558398,Inf,1,0,0,0.221052631578947,0,0,0
2,208,1,100,0.507920270448259,0.217680115906397,3.64432,1,0.3,1,27.848558398,Inf,1,0,0,0.315789473684211,0,0,0
1,209,1,100,0.507920270448259,0.217680115906397,3.64432,1,0.3,1,27.848558398,Inf,1,0,0,0.252631578947368,0,0,0
2,209,1,100,0.507920270448259,0.217680115906397,3.64432,1,0.3,1,27.848558398,Inf,1,0,0,0.315789473684211,0,0,0
1,210,1,100,0.507920270448259,0.217680115906397,3.64432,1,0.3,1,27.848558398,Inf,1,0,0,0.284210526315789,0,0,0
2,210,1,100,0.507920270448259,0.217680115906397,3.64432,1,0.3,1,27.848558398,Inf,1,0,0,0.315789473684211,0,0,0
1,211,1,100,0.507920270448259,0.217680115906397,3.64432,1,0.3,1,27.848558398,Inf,1,0,0,0.315789473684211,0,0,0
2,211,1,100,0.507920270448259,0.217680115906397,3.64432,1,0.3,1,27.848558398,Inf,1,0,0,0.315789473684211,0,0,0
1,212,1,100,0.507920270448259,0.217680115906397,3.64432,1,0.3,1,27.848558398,Inf,1,0,0,0.347368421052632,0,0,0
2,212,1,100,0.507920270448259,0.217680115906397,3.64432,1,0.3,1,27.848558398,Inf,1,0,0,0.315789473684211,0,0,0
1,213,1,100,0.507920270448259,0.217680115906397,3.64432,1,0.3,1,27.848558398,Inf,1,0,0,0.378947368421053,0,0,0
2,213,1,100,0.507920270448259,0.217680115906397,3.64432,1,0.3,1,27.848558398,Inf,1,0,0,0.315789473684211,0,0,0
1,214,1,100,0.507920270448259,0.217680115906397,3.64432,1,0.3,1,27.848558398,Inf,1,0,0,0.410526315789474,0,0,0
2,214,1,100,0.507920270448259,0.217680115906397,3.64432,1,0.3,1,27.848558398,Inf,1,0,0,0.315789473684211,0,0,0
1,215,1,100,0.507920270448259,0.217680115906397,3.64432,1,0.3,1,27.848558398,Inf,1,0,0,0.442105263157895,0,0,0
2,215,1,100,0.507920270448259,0.217680115906397,3.64432,1,0.3,1,27.848558398,Inf,1,0,0,0.315789473684211,0,0,0
1,216,1,100,0.507920270448259,0.217680115906397,3.64432,1,0.3,1,27.848558398,Inf,1,0,0,0.473684210526316,0,0,0
2,216,1,100,0.507920270448259,0.217680115906397,3.64432,1,0.3,1,27.848558398,Inf,1,0,0,0.315789473684211,0,0,0
1,217,1,100,0.507920270448259,0.217680115906397,3.64432,1,0.3,1,27.848558398,Inf,1,0,0,0.505263157894737,0,0,0
2,217,1,100,0.507920270448259,0.217680115906397,3.64432,1,0.3,1,27.848558398,Inf,1,0,0,0.315789473684211,0,0,0
1,218,1,100,0.507920270448259,0.217680115906397,3.64432,1,0.3,1,27.848558398,Inf,1,0,0,0.536842105263158,0,0,0
2,218,1,100,0.507920270448259,0.217680115906397,3.64432,1,0.3,1,27.848558398,Inf,1,0,0,0.315789473684211,0,0,0
1,219,1,100,0.507920270448259,0.217680115906397,3.64432,1,0.3,1,27.848558398,Inf,1,0,0,0.568421052631579,0,0,0
2,219,1,100,0.507920270448259,0.217680115906397,3.64432,1,0.3,1,27.848558398,Inf,1,0,0,0.315789473684211,0,0,0
1,220,1,100,0.507920270448259,0.217680115906397,3.64432,1,0.3,1,27.848558398,Inf,1,0,0,0.6,0,0,0
2,220,1,100,0.507920270448259,0.217680115906397,3.64432,1,0.3,1,27.848558398,Inf,1,0,0,0.315789473684211,0,0,0
1,221,1,100,0.507920270448259,0.217680115906397,3.64432,1,0.3,1,27.848558398,Inf,1,0,0,0,0,0,0
2,221,1,100,0.507920270448259,0.217680115906397,3.64432,1,0.3,1,27.848558398,Inf,1,0,0,0.347368421052632,0,0,0
1,222,1,100,0.507920270448259,0.217680115906397,3.64432,1,0.3,1,27.848558398,Inf,1,0,0,0.0315789473684211,0,0,0
2,222,1,100,0.507920270448259,0.217680115906397,3.64432,1,0.3,1,27.848558398,Inf,1,0,0,0.347368421052632,0,0,0
1,223,1,100,0.507920270448259,0.217680115906397,3.64432,1,0.3,1,27.848558398,Inf,1,0,0,0.0631578947368421,0,0,0
2,223,1,100,0.507920270448259,0.217680115906397,3.64432,1,0.3,1,27.848558398,Inf,1,0,0,0.347368421052632,0,0,0
1,224,1,100,0.507920270448259,0.217680115906397,3.64432,1,0.3,1,27.848558398,Inf,1,0,0,0.0947368421052632,0,0,0
2,224,1,100,0.507920270448259,0.217680115906397,3.64432,1,0.3,1,27.848558398,Inf,1,0,0,0.347368421052632,0,0,0
1,225,1,100,0.507920270448259,0.217680115906397,3.64432,1,0.3,1,27.848558398,Inf,1,0,0,0.126315789473684,0,0,0
2,225,1,100,0.507920270448259,0.217680115906397,3.64432,1,0.3,1,27.848558398,Inf,1,0,0,0.347368421052632,0,0,0
1,226,1,100,0.507920270448259,0.217680115906397,3.64432,1,0.3,1,27.848558398,Inf,1,0,0,0.157894736842105,0,0,0
2,226,1,100,0.507920270448259,0.217680115906397,3.64432,1,0.3,1,27.848558398,Inf,1,0,0,0.347368421052632,0,0,0
1,227,1,100,0.507920270448259,0.217680115906397,3.64432,1,0.3,1,27.848558398,Inf,1,0,0,0.189473684210526,0,0,0
2,227,1,100,0.507920270448259,0.217680115906397,3.64432,1,0.3,1,27.848558398,Inf,1,0,0,0.347368421052632,0,0,0
1,228,1,100,0.507920270448259,0.217680115906397,3.64432,1,0.3,1,27.848558398,Inf,1,0,0,0.221052631578947,0,0,0
2,228,1,100,0.507920270448259,0.217680115906397,3.64432,1,0.3,1,27.848558398,Inf,1,0,0,0.347368421052632,0,0,0
1,229,1,100,0.507920270448259,0.217680115906397,3.64432,1,0.3,1,27.848558398,Inf,1,0,0,0.252631578947368,0,0,0
2,229,1,100,0.507920270448259,0.217680115906397,3.64432,1,0.3,1,27.848558398,Inf,1,0,0,0.347368421052632,0,0,0
1,230,1,100,0.507920270448259,0.217680115906397,3.64432,1,0.3,1,27.848558398,Inf,1,0,0,0.284210526315789,0,0,0
2,230,1,100,0.507920270448259,0.217680115906397,3.64432,1,0.3,1,27.848558398,Inf,1,0,0,0.347368421052632,0,0,0
1,231,1,100,0.507920270448259,0.217680115906397,3.64432,1,0.3,1,27.848558398,Inf,1,0,0,0.315789473684211,0,0,0
2,231,1,100,0.507920270448259,0.217680115906397,3.64432,1,0.3,1,27.848558398,Inf,1,0,0,0.347368421052632,0,0,0
1,232,1,100,0.507920270448259,0.217680115906397,3.64432,1,0.3,1,27.848558398,Inf,1,0,0,0.347368421052632,0,0,0
2,232,1,100,0.507920270448259,0.217680115906397,3.64432,1,0.3,1,27.848558398,Inf,1,0,0,0.347368421052632,0,0,0
1,233,1,100,0.507920270448259,0.217680115906397,3.64432,1,0.3,1,27.848558398,Inf,1,0,0,0.378947368421053,0,0,0
2,233,1,100,0.507920270448259,0.217680115906397,3.64432,1,0.3,1,27.848558398,Inf,1,0,0,0.347368421052632,0,0,0
1,234,1,100,0.507920270448259,0.217680115906397,3.64432,1,0.3,1,27.848558398,Inf,1,0,0,0.410526315789474,0,0,0
2,234,1,100,0.507920270448259,0.217680115906397,3.64432,1,0.3,1,27.848558398,Inf,1,0,0,0.347368421052632,0,0,0
1,235,1,100,0.507920270448259,0.217680115906397,3.64432,1,0.3,1,27.848558398,Inf,1,0,0,0.442105263157895,0,0,0
2,235,1,100,0.507920270448259,0.217680115906397,3.64432,1,0.3,1,27.848558398,Inf,1,0,0,0.347368421052632,0,0,0
1,236,1,100,0.507920270448259,0.217680115906397,3.64432,1,0.3,1,27.848558398,Inf,1,0,0,0.473684210526316,0,0,0
2,236,1,100,0.507920270448259,0.217680115906397,3.64432,1,0.3,1,27.848558398,Inf,1,0,0,0.347368421052632,0,0,0
1,237,1,100,0.507920270448259,0.217680115906397,3.64432,1,0.3,1,27.848558398,Inf,1,0,0,0.505263157894737,0,0,0
2,237,1,100,0.507920270448259,0.217680115906397,3.64432,1,0.3,1,27.848558398,Inf,1,0,0,0.347368421052632,0,0,0
1,238,1,100,0.507920270448259,0.217680115906397,3.64432,1,0.3,1,27.848558398,Inf,1,0,0,0.536842105263158,0,0,0
2,238,1,100,0.507920270448259,0.217680115906397,3.64432,1,0.3,1,27.848558398,Inf,1,0,0,0.347368421052632,0,0,0
1,239,1,100,0.507920270448259,0.217680115906397,3.64432,1,0.3,1,27.848558398,Inf,1,0,0,0.568421052631579,0,0,0
2,239,1,100,0.507920270448259,0.217680115906397,3.64432,1,0.3,1,27.848558398,Inf,1,0,0,0.347368421052632,0,0,0
1,240,1,100,0.507920270448259,0.217680115906397,3.64432,1,0.3,1,27.848558398,Inf,1,0,0,0.6,0,0,0
2,240,1,100,0.507920270448259,0.217680115906397,3.64432,1,0.3,1,27.848558398,Inf,1,0,0,0.347368421052632,0,0,0
1,241,1,100,0.507920270448259,0.217680115906397,3.64432,1,0.3,1,27.848558398,Inf,1,0,0,0,0,0,0
2,241,1,100,0.507920270448259,0.217680115906397,3.64432,1,0.3,1,27.848558398,Inf,1,0,0,0.378947368421053,0,0,0
1,242,1,100,0.507920270448259,0.217680115906397,3.64432,1,0.3,1,27.848558398,Inf,1,0,0,0.0315789473684211,0,0,0
2,242,1,100,0.507920270448259,0.217680115906397,3.64432,1,0.3,1,27.848558398,Inf,1,0,0,0.378947368421053,0,0,0
1,243,1,100,0.507920270448259,0.217680115906397,3.64432,1,0.3,1,27.848558398,Inf,1,0,0,0.0631578947368421,0,0,0
2,243,1,100,0.507920270448259,0.217680115906397,3.64432,1,0.3,1,27.848558398,Inf,1,0,0,0.378947368421053,0,0,0
1,244,1,100,0.507920270448259,0.217680115906397,3.64432,1,0.3,1,27.848558398,Inf,1,0,0,0.0947368421052632,0,0,0
2,244,1,100,0.507920270448259,0.217680115906397,3.64432,1,0.3,1,27.848558398,Inf,1,0,0,0.378947368421053,0,0,0
1,245,1,100,0.507920270448259,0.217680115906397,3.64432,1,0.3,1,27.848558398,Inf,1,0,0,0.126315789473684,0,0,0
2,245,1,100,0.507920270448259,0.217680115906397,3.64432,1,0.3,1,27.848558398,Inf,1,0,0,0.378947368421053,0,0,0
1,246,1,100,0.507920270448259,0.217680115906397,3.64432,1,0.3,1,27.848558398,Inf,1,0,0,0.157894736842105,0,0,0
2,246,1,100,0.507920270448259,0.217680115906397,3.64432,1,0.3,1,27.848558398,Inf,1,0,0,0.378947368421053,0,0,0
1,247,1,100,0.507920270448259,0.217680115906397,3.64432,1,0.3,1,27.848558398,Inf,1,0,0,0.189473684210526,0,0,0
2,247,1,100,0.507920270448259,0.217680115906397,3.64432,1,0.3,1,27.848558398,Inf,1,0,0,0.378947368421053,0,0,0
1,248,1,100,0.507920270448259,0.217680115906397,3.64432,1,0.3,1,27.848558398,Inf,1,0,0,0.221052631578947,0,0,0
2,248,1,100,0.507920270448259,0.217680115906397,3.64432,1,0.3,1,27.848558398,Inf,1,0,0,0.378947368421053,0,0,0
1,249,1,100,0.507920270448259,0.217680115906397,3.64432,1,0.3,1,27.848558398,Inf,1,0,0,0.252631578947368,0,0,0
2,249,1,100,0.507920270448259,0.217680115906397,3.64432,1,0.3,1,27.848558398,Inf,1,0,0,0.378947368421053,0,0,0
1,250,1,100,0.507920270448259,0.217680115906397,3.64432,1,0.3,1,27.848558398,Inf,1,0,0,0.284210526315789,0,0,0
2,250,1,100,0.507920270448259,0.217680115906397,3.64432,1,0.3,1,27.848558398,Inf,1,0,0,0.378947368421053,0,0,0
1,251,1,100,0.507920270448259,0.217680115906397,3.64432,1,0.3,1,27.848558398,Inf,1,0,0,0.315789473684211,0,0,0
2,251,1,100,0.507920270448259,0.217680115906397,3.64432,1,0.3,1,27.848558398,Inf,1,0,0,0.378947368421053,0,0,0
1,252,1,100,0.507920270448259,0.217680115906397,3.64432,1,0.3,1,27.848558398,Inf,1,0,0,0.347368421052632,0,0,0
2,252,1,100,0.507920270448259,0.217680115906397,3.64432,1,0.3,1,27.848558398,Inf,1,0,0,0.378947368421053,0,0,0
1,253,1,100,0.507920270448259,0.217680115906397,3.64432,1,0.3,1,27.848558398,Inf,1,0,0,0.378947368421053,0,0,0
2,253,1,100,0.507920270448259,0.217680115906397,3.64432,1,0.3,1,27.848558398,Inf,1,0,0,0.378947368421053,0,0,0
1,254,1,100,0.507920270448259,0.217680115906397,3.64432,1,0.3,1,27.848558398,Inf,1,0,0,0.410526315789474,0,0,0
2,254,1,100,0.507920270448259,0.217680115906397,3.64432,1,0.3,1,27.848558398,Inf,1,0,0,0.378947368421053,0,0,0
1,255,1,100,0.507920270448259,0.217680115906397,3.64432,1,0.3,1,27.848558398,Inf,1,0,0,0.442105263157895,0,0,0
2,255,1,100,0.507920270448259,0.217680115906397,3.64432,1,0.3,1,27.848558398,Inf,1,0,0,0.378947368421053,0,0,0
1,256,1,100,0.507920270448259,0.217680115906397,3.64432,1,0.3,1,27.848558398,Inf,1,0,0,0.473684210526316,0,0,0
2,256,1,100,0.507920270448259,0.217680115906397,3.64432,1,0.3,1,27.848558398,Inf,1,0,0,0.378947368421053,0,0,0
1,257,1,100,0.507920270448259,0.217680115906397,3.64432,1,0.3,1,27.848558398,Inf,1,0,0,0.505263157894737,0,0,0
2,257,1,100,0.507920270448259,0.217680115906397,3.64432,1,0.3,1,27.848558398,Inf,1,0,0,0.378947368421053,0,0,0
1,258,1,100,0.507920270448259,0.217680115906397,3.64432,1,0.3,1,27.848558398,Inf,1,0,0,0.536842105263158,0,0,0
2,258,1,100,0.507920270448259,0.217680115906397,3.64432,1,0.3,1,27.848558398,Inf,1,0,0,0.378947368421053,0,0,0
1,259,1,100,0.507920270448259,0.217680115906397,3.64432,1,0.3,1,27.848558398,Inf,1,0,0,0.568421052631579,0,0,0
2,259,1,100,0.507920270448259,0.217680115906397,3.64432,1,0.3,1,27.848558398,Inf,1,0,0,0.378947368421053,0,0,0
1,260,1,100,0.507920270448259,0.217680115906397,3.64432,1,0.3,1,27.848558398,Inf,1,0,0,0.6,0,0,0
2,260,1,100,0.507920270448259,0.217680115906397,3.64432,1,0.3,1,27.848558398,Inf,1,0,0,0.378947368421053,0,0,0
1,261,1,100,0.507920270448259,0.217680115906397,3.64432,1,0.3,1,27.848558398,Inf,1,0,0,0,0,0,0
2,261,1,100,0.507920270448259,0.217680115906397,3.64432,1,0.3,1,27.848558398,Inf,1,0,0,0.410526315789474,0,0,0
1,262,1,100,0.507920270448259,0.217680115906397,3.64432,1,0.3,1,27.848558398,Inf,1,0,0,0.0315789473684211,0,0,0
2,262,1,100,0.507920270448259,0.217680115906397,3.64432,1,0.3,1,27.848558398,Inf,1,0,0,0.410526315789474,0,0,0
1,263,1,100,0.507920270448259,0.217680115906397,3.64432,1,0.3,1,27.848558398,Inf,1,0,0,0.0631578947368421,0,0,0
2,263,1,100,0.507920270448259,0.217680115906397,3.64432,1,0.3,1,27.848558398,Inf,1,0,0,0.410526315789474,0,0,0
1,264,1,100,0.507920270448259,0.217680115906397,3.64432,1,0.3,1,27.848558398,Inf,1,0,0,0.0947368421052632,0,0,0
2,264,1,100,0.507920270448259,0.217680115906397,3.64432,1,0.3,1,27.848558398,Inf,1,0,0,0.410526315789474,0,0,0
1,265,1,100,0.507920270448259,0.217680115906397,3.64432,1,0.3,1,27.848558398,Inf,1,0,0,0.126315789473684,0,0,0
2,265,1,100,0.507920270448259,0.217680115906397,3.64432,1,0.3,1,27.848558398,Inf,1,0,0,0.410526315789474,0,0,0
1,266,1,100,0.507920270448259,0.217680115906397,3.64432,1,0.3,1,27.848558398,Inf,1,0,0,0.157894736842105,0,0,0
2,266,1,100,0.507920270448259,0.217680115906397,3.64432,1,0.3,1,27.848558398,Inf,1,0,0,0.410526315789474,0,0,0
1,267,1,100,0.507920270448259,0.217680115906397,3.64432,1,0.3,1,27.848558398,Inf,1,0,0,0.189473684210526,0,0,0
2,267,1,100,0.507920270448259,0.217680115906397,3.64432,1,0.3,1,27.848558398,Inf,1,0,0,0.410526315789474,0,0,0
1,268,1,100,0.507920270448259,0.217680115906397,3.64432,1,0.3,1,27.848558398,Inf,1,0,0,0.221052631578947,0,0,0
2,268,1,100,0.507920270448259,0.217680115906397,3.64432,1,0.3,1,27.848558398,Inf,1,0,0,0.410526315789474,0,0,0
1,269,1,100,0.507920270448259,0.217680115906397,3.64432,1,0.3,1,27.848558398,Inf,1,0,0,0.252631578947368,0,0,0
2,269,1,100,0.507920270448259,0.217680115906397,3.64432,1,0.3,1,27.848558398,Inf,1,0,0,0.410526315789474,0,0,0
1,270,1,100,0.507920270448259,0.217680115906397,3.64432,1,0.3,1,27.848558398,Inf,1,0,0,0.284210526315789,0,0,0
2,270,1,100,0.507920270448259,0.217680115906397,3.64432,1,0.3,1,27.848558398,Inf,1,0,0,0.410526315789474,0,0,0
1,271,1,100,0.507920270448259,0.217680115906397,3.64432,1,0.3,1,27.848558398,Inf,1,0,0,0.315789473684211,0,0,0
2,271,1,100,0.507920270448259,0.217680115906397,3.64432,1,0.3,1,27.848558398,Inf,1,0,0,0.410526315789474,0,0,0
1,272,1,100,0.507920270448259,0.217680115906397,3.64432,1,0.3,1,27.848558398,Inf,1,0,0,0.347368421052632,0,0,0
2,272,1,100,0.507920270448259,0.217680115906397,3.64432,1,0.3,1,27.848558398,Inf,1,0,0,0.410526315789474,0,0,0
1,273,1,100,0.507920270448259,0.217680115906397,3.64432,1,0.3,1,27.848558398,Inf,1,0,0,0.378947368421053,0,0,0
2,273,1,100,0.507920270448259,0.217680115906397,3.64432,1,0.3,1,27.848558398,Inf,1,0,0,0.410526315789474,0,0,0
1,274,1,100,0.507920270448259,0.217680115906397,3.64432,1,0.3,1,27.848558398,Inf,1,0,0,0.410526315789474,0,0,0
2,274,1,100,0.507920270448259,0.217680115906397,3.64432,1,0.3,1,27.848558398,Inf,1,0,0,0.410526315789474,0,0,0
1,275,1,100,0.507920270448259,0.217680115906397,3.64432,1,0.3,1,27.848558398,Inf,1,0,0,0.442105263157895,0,0,0
2,275,1,100,0.507920270448259,0.217680115906397,3.64432,1,0.3,1,27.848558398,Inf,1,0,0,0.410526315789474,0,0,0
1,276,1,100,0.507920270448259,0.217680115906397,3.64432,1,0.3,1,27.848558398,Inf,1,0,0,0.473684210526316,0,0,0
2,276,1,100,0.507920270448259,0.217680115906397,3.64432,1,0.3,1,27.848558398,Inf,1,0,0,0.410526315789474,0,0,0
1,277,1,100,0.507920270448259,0.217680115906397,3.64432,1,0.3,1,27.848558398,Inf,1,0,0,0.505263157894737,0,0,0
2,277,1,100,0.507920270448259,0.217680115906397,3.64432,1,0.3,1,27.848558398,Inf,1,0,0,0.410526315789474,0,0,0
1,278,1,100,0.507920270448259,0.217680115906397,3.64432,1,0.3,1,27.848558398,Inf,1,0,0,0.536842105263158,0,0,0
2,278,1,100,0.507920270448259,0.217680115906397,3.64432,1,0.3,1,27.848558398,Inf,1,0,0,0.410526315789474,0,0,0
1,279,1,100,0.507920270448259,0.217680115906397,3.64432,1,0.3,1,27.848558398,Inf,1,0,0,0.568421052631579,0,0,0
2,279,1,100,0.507920270448259,0.217680115906397,3.64432,1,0.3,1,27.848558398,Inf,1,0,0,0.410526315789474,0,0,0
1,280,1,100,0.507920270448259,0.217680115906397,3.64432,1,0.3,1,27.848558398,Inf,1,0,0,0.6,0,0,0
2,280,1,100,0.507920270448259,0.217680115906397,3.64432,1,0.3,1,27.848558398,Inf,1,0,0,0.410526315789474,0,0,0
1,281,1,100,0.507920270448259,0.217680115906397,3.64432,1,0.3,1,27.848558398,Inf,1,0,0,0,0,0,0
2,281,1,100,0.507920270448259,0.217680115906397,3.64432,1,0.3,1,27.848558398,Inf,1,0,0,0.442105263157895,0,0,0
1,282,1,100,0.507920270448259,0.217680115906397,3.64432,1,0.3,1,27.848558398,Inf,1,0,0,0.0315789473684211,0,0,0
2,282,1,100,0.507920270448259,0.217680115906397,3.64432,1,0.3,1,27.848558398,Inf,1,0,0,0.442105263157895,0,0,0
1,283,1,100,0.507920270448259,0.217680115906397,3.64432,1,0.3,1,27.848558398,Inf,1,0,0,0.0631578947368421,0,0,0
2,283,1,100,0.507920270448259,0.217680115906397,3.64432,1,0.3,1,27.848558398,Inf,1,0,0,0.442105263157895,0,0,0
1,284,1,100,0.507920270448259,0.217680115906397,3.64432,1,0.3,1,27.848558398,Inf,1,0,0,0.0947368421052632,0,0,0
2,284,1,100,0.507920270448259,0.217680115906397,3.64432,1,0.3,1,27.848558398,Inf,1,0,0,0.442105263157895,0,0,0
1,285,1,100,0.507920270448259,0.217680115906397,3.64432,1,0.3,1,27.848558398,Inf,1,0,0,0.126315789473684,0,0,0
2,285,1,100,0.507920270448259,0.217680115906397,3.64432,1,0.3,1,27.848558398,Inf,1,0,0,0.442105263157895,0,0,0
1,286,1,100,0.507920270448259,0.217680115906397,3.64432,1,0.3,1,27.848558398,Inf,1,0,0,0.157894736842105,0,0,0
2,286,1,100,0.507920270448259,0.217680115906397,3.64432,1,0.3,1,27.848558398,Inf,1,0,0,0.442105263157895,0,0,0
1,287,1,100,0.507920270448259,0.217680115906397,3.64432,1,0.3,1,27.848558398,Inf,1,0,0,0.189473684210526,0,0,0
2,287,1,100,0.507920270448259,0.217680115906397,3.64432,1,0.3,1,27.848558398,Inf,1,0,0,0.442105263157895,0,0,0
1,288,1,100,0.507920270448259,0.217680115906397,3.64432,1,0.3,1,27.848558398,Inf,1,0,0,0.221052631578947,0,0,0
2,288,1,100,0.507920270448259,0.217680115906397,3.64432,1,0.3,1,27.848558398,Inf,1,0,0,0.442105263157895,0,0,0
1,289,1,100,0.507920270448259,0.217680115906397,3.64432,1,0.3,1,27.848558398,Inf,1,0,0,0.252631578947368,0,0,0
2,289,1,100,0.507920270448259,0.217680115906397,3.64432,1,0.3,1,27.848558398,Inf,1,0,0,0.442105263157895,0,0,0
1,290,1,100,0.507920270448259,0.217680115906397,3.64432,1,0.3,1,27.848558398,Inf,1,0,0,0.284210526315789,0,0,0
2,290,1,100,0.507920270448259,0.217680115906397,3.64432,1,0.3,1,27.848558398,Inf,1,0,0,0.442105263157895,0,0,0
1,291,1,100,0.507920270448259,0.217680115906397,3.64432,1,0.3,1,27.848558398,Inf,1,0,0,0.315789473684211,0,0,0
2,291,1,100,0.507920270448259,0.217680115906397,3.64432,1,0.3,1,27.848558398,Inf,1,0,0,0.442105263157895,0,0,0
1,292,1,100,0.507920270448259,0.217680115906397,3.64432,1,0.3,1,27.848558398,Inf,1,0,0,0.347368421052632,0,0,0
2,292,1,100,0.507920270448259,0.217680115906397,3.64432,1,0.3,1,27.848558398,Inf,1,0,0,0.442105263157895,0,0,0
1,293,1,100,0.507920270448259,0.217680115906397,3.64432,1,0.3,1,27.848558398,Inf,1,0,0,0.378947368421053,0,0,0
2,293,1,100,0.507920270448259,0.217680115906397,3.64432,1,0.3,1,27.848558398,Inf,1,0,0,0.442105263157895,0,0,0
1,294,1,100,0.507920270448259,0.217680115906397,3.64432,1,0.3,1,27.848558398,Inf,1,0,0,0.410526315789474,0,0,0
2,294,1,100,0.507920270448259,0.217680115906397,3.64432,1,0.3,1,27.848558398,Inf,1,0,0,0.442105263157895,0,0,0
1,295,1,100,0.507920270448259,0.217680115906397,3.64432,1,0.3,1,27.848558398,Inf,1,0,0,0.442105263157895,0,0,0
2,295,1,100,0.507920270448259,0.217680115906397,3.64432,1,0.3,1,27.848558398,Inf,1,0,0,0.442105263157895,0,0,0
1,296,1,100,0.507920270448259,0.217680115906397,3.64432,1,0.3,1,27.848558398,Inf,1,0,0,0.473684210526316,0,0,0
2,296,1,100,0.507920270448259,0.217680115906397,3.64432,1,0.3,1,27.848558398,Inf,1,0,0,0.442105263157895,0,0,0
1,297,1,100,0.507920270448259,0.217680115906397,3.64432,1,0.3,1,27.848558398,Inf,1,0,0,0.505263157894737,0,0,0
2,297,1,100,0.507920270448259,0.217680115906397,3.64432,1,0.3,1,27.848558398,Inf,1,0,0,0.442105263157895,0,0,0
1,298,1,100,0.507920270448259,0.217680115906397,3.64432,1,0.3,1,27.848558398,Inf,1,0,0,0.536842105263158,0,0,0
2,298,1,100,0.507920270448259,0.217680115906397,3.64432,1,0.3,1,27.848558398,Inf,1,0,0,0.442105263157895,0,0,0
1,299,1,100,0.507920270448259,0.217680115906397,3.64432,1,0.3,1,27.848558398,Inf,1,0,0,0.568421052631579,0,0,0
2,299,1,100,0.507920270448259,0.217680115906397,3.64432,1,0.3,1,27.848558398,Inf,1,0,0,0.442105263157895,0,0,0
1,300,1,100,0.507920270448259,0.217680115906397,3.64432,1,0.3,1,27.848558398,Inf,1,0,0,0.6,0,0,0
2,300,1,100,0.507920270448259,0.217680115906397,3.64432,1,0.3,1,27.848558398,Inf,1,0,0,0.442105263157895,0,0,0
1,301,1,100,0.507920270448259,0.217680115906397,3.64432,1,0.3,1,27.848558398,Inf,1,0,0,0,0,0,0
2,301,1,100,0.507920270448259,0.217680115906397,3.64432,1,0.3,1,27.848558398,Inf,1,0,0,0.473684210526316,0,0,0
1,302,1,100,0.507920270448259,0.217680115906397,3.64432,1,0.3,1,27.848558398,Inf,1,0,0,0.0315789473684211,0,0,0
2,302,1,100,0.507920270448259,0.217680115906397,3.64432,1,0.3,1,27.848558398,Inf,1,0,0,0.473684210526316,0,0,0
1,303,1,100,0.507920270448259,0.217680115906397,3.64432,1,0.3,1,27.848558398,Inf,1,0,0,0.0631578947368421,0,0,0
2,303,1,100,0.507920270448259,0.217680115906397,3.64432,1,0.3,1,27.848558398,Inf,1,0,0,0.473684210526316,0,0,0
1,304,1,100,0.507920270448259,0.217680115906397,3.64432,1,0.3,1,27.848558398,Inf,1,0,0,0.0947368421052632,0,0,0
2,304,1,100,0.507920270448259,0.217680115906397,3.64432,1,0.3,1,27.848558398,Inf,1,0,0,0.473684210526316,0,0,0
1,305,1,100,0.507920270448259,0.217680115906397,3.64432,1,0.3,1,27.848558398,Inf,1,0,0,0.126315789473684,0,0,0
2,305,1,100,0.507920270448259,0.217680115906397,3.64432,1,0.3,1,27.848558398,Inf,1,0,0,0.473684210526316,0,0,0
1,306,1,100,0.507920270448259,0.217680115906397,3.64432,1,0.3,1,27.848558398,Inf,1,0,0,0.157894736842105,0,0,0
2,306,1,100,0.507920270448259,0.217680115906397,3.64432,1,0.3,1,27.848558398,Inf,1,0,0,0.473684210526316,0,0,0
1,307,1,100,0.507920270448259,0.217680115906397,3.64432,1,0.3,1,27.848558398,Inf,1,0,0,0.189473684210526,0,0,0
2,307,1,100,0.507920270448259,0.217680115906397,3.64432,1,0.3,1,27.848558398,Inf,1,0,0,0.473684210526316,0,0,0
1,308,1,100,0.507920270448259,0.217680115906397,3.64432,1,0.3,1,27.848558398,Inf,1,0,0,0.221052631578947,0,0,0
2,308,1,100,0.507920270448259,0.217680115906397,3.64432,1,0.3,1,27.848558398,Inf,1,0,0,0.473684210526316,0,0,0
1,309,1,100,0.507920270448259,0.217680115906397,3.64432,1,0.3,1,27.848558398,Inf,1,0,0,0.252631578947368,0,0,0
2,309,1,100,0.507920270448259,0.217680115906397,3.64432,1,0.3,1,27.848558398,Inf,1,0,0,0.473684210526316,0,0,0
1,310,1,100,0.507920270448259,0.217680115906397,3.64432,1,0.3,1,27.848558398,Inf,1,0,0,0.284210526315789,0,0,0
2,310,1,100,0.507920270448259,0.217680115906397,3.64432,1,0.3,1,27.848558398,Inf,1,0,0,0.473684210526316,0,0,0
1,311,1,100,0.507920270448259,0.217680115906397,3.64432,1,0.3,1,27.848558398,Inf,1,0,0,0.315789473684211,0,0,0
2,311,1,100,0.507920270448259,0.217680115906397,3.64432,1,0.3,1,27.848558398,Inf,1,0,0,0.473684210526316,0,0,0
1,312,1,100,0.507920270448259,0.217680115906397,3.64432,1,0.3,1,27.848558398,Inf,1,0,0,0.347368421052632,0,0,0
2,312,1,100,0.507920270448259,0.217680115906397,3.64432,1,0.3,1,27.848558398,Inf,1,0,0,0.473684210526316,0,0,0
1,313,1,100,0.507920270448259,0.217680115906397,3.64432,1,0.3,1,27.848558398,Inf,1,0,0,0.378947368421053,0,0,0
2,313,1,100,0.507920270448259,0.217680115906397,3.64432,1,0.3,1,27.848558398,Inf,1,0,0,0.473684210526316,0,0,0
1,314,1,100,0.507920270448259,0.217680115906397,3.64432,1,0.3,1,27.848558398,Inf,1,0,0,0.410526315789474,0,0,0
2,314,1,100,0.507920270448259,0.217680115906397,3.64432,1,0.3,1,27.848558398,Inf,1,0,0,0.473684210526316,0,0,0
1,315,1,100,0.507920270448259,0.217680115906397,3.64432,1,0.3,1,27.848558398,Inf,1,0,0,0.442105263157895,0,0,0
2,315,1,100,0.507920270448259,0.217680115906397,3.64432,1,0.3,1,27.848558398,Inf,1,0,0,0.473684210526316,0,0,0
1,316,1,100,0.507920270448259,0.217680115906397,3.64432,1,0.3,1,27.848558398,Inf,1,0,0,0.473684210526316,0,0,0
2,316,1,100,0.507920270448259,0.217680115906397,3.64432,1,0.3,1,27.848558398,Inf,1,0,0,0.473684210526316,0,0,0
1,317,1,100,0.507920270448259,0.217680115906397,3.64432,1,0.3,1,27.848558398,Inf,1,0,0,0.505263157894737,0,0,0
2,317,1,100,0.507920270448259,0.217680115906397,3.64432,1,0.3,1,27.848558398,Inf,1,0,0,0.473684210526316,0,0,0
1,318,1,100,0.507920270448259,0.217680115906397,3.64432,1,0.3,1,27.848558398,Inf,1,0,0,0.536842105263158,0,0,0
2,318,1,100,0.507920270448259,0.217680115906397,3.64432,1,0.3,1,27.848558398,Inf,1,0,0,0.473684210526316,0,0,0
1,319,1,100,0.507920270448259,0.217680115906397,3.64432,1,0.3,1,27.848558398,Inf,1,0,0,0.568421052631579,0,0,0
2,319,1,100,0.507920270448259,0.217680115906397,3.64432,1,0.3,1,27.848558398,Inf,1,0,0,0.473684210526316,0,0,0
1,320,1,100,0.507920270448259,0.217680115906397,3.64432,1,0.3,1,27.848558398,Inf,1,0,0,0.6,0,0,0
2,320,1,100,0.507920270448259,0.217680115906397,3.64432,1,0.3,1,27.848558398,Inf,1,0,0,0.473684210526316,0,0,0
1,321,1,100,0.507920270448259,0.217680115906397,3.64432,1,0.3,1,27.848558398,Inf,1,0,0,0,0,0,0
2,321,1,100,0.507920270448259,0.217680115906397,3.64432,1,0.3,1,27.848558398,Inf,1,0,0,0.505263157894737,0,0,0
1,322,1,100,0.507920270448259,0.217680115906397,3.64432,1,0.3,1,27.848558398,Inf,1,0,0,0.0315789473684211,0,0,0
2,322,1,100,0.507920270448259,0.217680115906397,3.64432,1,0.3,1,27.848558398,Inf,1,0,0,0.505263157894737,0,0,0
1,323,1,100,0.507920270448259,0.217680115906397,3.64432,1,0.3,1,27.848558398,Inf,1,0,0,0.0631578947368421,0,0,0
2,323,1,100,0.507920270448259,0.217680115906397,3.64432,1,0.3,1,27.848558398,Inf,1,0,0,0.505263157894737,0,0,0
1,324,1,100,0.507920270448259,0.217680115906397,3.64432,1,0.3,1,27.848558398,Inf,1,0,0,0.0947368421052632,0,0,0
2,324,1,100,0.507920270448259,0.217680115906397,3.64432,1,0.3,1,27.848558398,Inf,1,0,0,0.505263157894737,0,0,0
1,325,1,100,0.507920270448259,0.217680115906397,3.64432,1,0.3,1,27.848558398,Inf,1,0,0,0.126315789473684,0,0,0
2,325,1,100,0.507920270448259,0.217680115906397,3.64432,1,0.3,1,27.848558398,Inf,1,0,0,0.505263157894737,0,0,0
1,326,1,100,0.507920270448259,0.217680115906397,3.64432,1,0.3,1,27.848558398,Inf,1,0,0,0.157894736842105,0,0,0
2,326,1,100,0.507920270448259,0.217680115906397,3.64432,1,0.3,1,27.848558398,Inf,1,0,0,0.505263157894737,0,0,0
1,327,1,100,0.507920270448259,0.217680115906397,3.64432,1,0.3,1,27.848558398,Inf,1,0,0,0.189473684210526,0,0,0
2,327,1,100,0.507920270448259,0.217680115906397,3.64432,1,0.3,1,27.848558398,Inf,1,0,0,0.505263157894737,0,0,0
1,328,1,100,0.507920270448259,0.217680115906397,3.64432,1,0.3,1,27.848558398,Inf,1,0,0,0.221052631578947,0,0,0
2,328,1,100,0.507920270448259,0.217680115906397,3.64432,1,0.3,1,27.848558398,Inf,1,0,0,0.505263157894737,0,0,0
1,329,1,100,0.507920270448259,0.217680115906397,3.64432,1,0.3,1,27.848558398,Inf,1,0,0,0.252631578947368,0,0,0
2,329,1,100,0.507920270448259,0.217680115906397,3.64432,1,0.3,1,27.848558398,Inf,1,0,0,0.505263157894737,0,0,0
1,330,1,100,0.507920270448259,0.217680115906397,3.64432,1,0.3,1,27.848558398,Inf,1,0,0,0.284210526315789,0,0,0
2,330,1,100,0.507920270448259,0.217680115906397,3.64432,1,0.3,1,27.848558398,Inf,1,0,0,0.505263157894737,0,0,0
1,331,1,100,0.507920270448259,0.217680115906397,3.64432,1,0.3,1,27.848558398,Inf,1,0,0,0.315789473684211,0,0,0
2,331,1,100,0.507920270448259,0.217680115906397,3.64432,1,0.3,1,27.848558398,Inf,1,0,0,0.505263157894737,0,0,0
1,332,1,100,0.507920270448259,0.217680115906397,3.64432,1,0.3,1,27.848558398,Inf,1,0,0,0.347368421052632,0,0,0
2,332,1,100,0.507920270448259,0.217680115906397,3.64432,1,0.3,1,27.848558398,Inf,1,0,0,0.505263157894737,0,0,0
1,333,1,100,0.507920270448259,0.217680115906397,3.64432,1,0.3,1,27.848558398,Inf,1,0,0,0.378947368421053,0,0,0
2,333,1,100,0.507920270448259,0.217680115906397,3.64432,1,0.3,1,27.848558398,Inf,1,0,0,0.505263157894737,0,0,0
1,334,1,100,0.507920270448259,0.217680115906397,3.64432,1,0.3,1,27.848558398,Inf,1,0,0,0.410526315789474,0,0,0
2,334,1,100,0.507920270448259,0.217680115906397,3.64432,1,0.3,1,27.848558398,Inf,1,0,0,0.505263157894737,0,0,0
1,335,1,100,0.507920270448259,0.217680115906397,3.64432,1,0.3,1,27.848558398,Inf,1,0,0,0.442105263157895,0,0,0
2,335,1,100,0.507920270448259,0.217680115906397,3.64432,1,0.3,1,27.848558398,Inf,1,0,0,0.505263157894737,0,0,0
1,336,1,100,0.507920270448259,0.217680115906397,3.64432,1,0.3,1,27.848558398,Inf,1,0,0,0.473684210526316,0,0,0
2,336,1,100,0.507920270448259,0.217680115906397,3.64432,1,0.3,1,27.848558398,Inf,1,0,0,0.505263157894737,0,0,0
1,337,1,100,0.507920270448259,0.217680115906397,3.64432,1,0.3,1,27.848558398,Inf,1,0,0,0.505263157894737,0,0,0
2,337,1,100,0.507920270448259,0.217680115906397,3.64432,1,0.3,1,27.848558398,Inf,1,0,0,0.505263157894737,0,0,0
1,338,1,100,0.507920270448259,0.217680115906397,3.64432,1,0.3,1,27.848558398,Inf,1,0,0,0.536842105263158,0,0,0
2,338,1,100,0.507920270448259,0.217680115906397,3.64432,1,0.3,1,27.848558398,Inf,1,0,0,0.505263157894737,0,0,0
1,339,1,100,0.507920270448259,0.217680115906397,3.64432,1,0.3,1,27.848558398,Inf,1,0,0,0.568421052631579,0,0,0
2,339,1,100,0.507920270448259,0.217680115906397,3.64432,1,0.3,1,27.848558398,Inf,1,0,0,0.505263157894737,0,0,0
1,340,1,100,0.507920270448259,0.217680115906397,3.64432,1,0.3,1,27.848558398,Inf,1,0,0,0.6,0,0,0
2,340,1,100,0.507920270448259,0.217680115906397,3.64432,1,0.3,1,27.848558398,Inf,1,0,0,0.505263157894737,0,0,0
1,341,1,100,0.507920270448259,0.217680115906397,3.64432,1,0.3,1,27.848558398,Inf,1,0,0,0,0,0,0
2,341,1,100,0.507920270448259,0.217680115906397,3.64432,1,0.3,1,27.848558398,Inf,1,0,0,0.536842105263158,0,0,0
1,342,1,100,0.507920270448259,0.217680115906397,3.64432,1,0.3,1,27.848558398,Inf,1,0,0,0.0315789473684211,0,0,0
2,342,1,100,0.507920270448259,0.217680115906397,3.64432,1,0.3,1,27.848558398,Inf,1,0,0,0.536842105263158,0,0,0
1,343,1,100,0.507920270448259,0.217680115906397,3.64432,1,0.3,1,27.848558398,Inf,1,0,0,0.0631578947368421,0,0,0
2,343,1,100,0.507920270448259,0.217680115906397,3.64432,1,0.3,1,27.848558398,Inf,1,0,0,0.536842105263158,0,0,0
1,344,1,100,0.507920270448259,0.217680115906397,3.64432,1,0.3,1,27.848558398,Inf,1,0,0,0.0947368421052632,0,0,0
2,344,1,100,0.507920270448259,0.217680115906397,3.64432,1,0.3,1,27.848558398,Inf,1,0,0,0.536842105263158,0,0,0
1,345,1,100,0.507920270448259,0.217680115906397,3.64432,1,0.3,1,27.848558398,Inf,1,0,0,0.126315789473684,0,0,0
2,345,1,100,0.507920270448259,0.217680115906397,3.64432,1,0.3,1,27.848558398,Inf,1,0,0,0.536842105263158,0,0,0
1,346,1,100,0.507920270448259,0.217680115906397,3.64432,1,0.3,1,27.848558398,Inf,1,0,0,0.157894736842105,0,0,0
2,346,1,100,0.507920270448259,0.217680115906397,3.64432,1,0.3,1,27.848558398,Inf,1,0,0,0.536842105263158,0,0,0
1,347,1,100,0.507920270448259,0.217680115906397,3.64432,1,0.3,1,27.848558398,Inf,1,0,0,0.189473684210526,0,0,0
2,347,1,100,0.507920270448259,0.217680115906397,3.64432,1,0.3,1,27.848558398,Inf,1,0,0,0.536842105263158,0,0,0
1,348,1,100,0.507920270448259,0.217680115906397,3.64432,1,0.3,1,27.848558398,Inf,1,0,0,0.221052631578947,0,0,0
2,348,1,100,0.507920270448259,0.217680115906397,3.64432,1,0.3,1,27.848558398,Inf,1,0,0,0.536842105263158,0,0,0
1,349,1,100,0.507920270448259,0.217680115906397,3.64432,1,0.3,1,27.848558398,Inf,1,0,0,0.252631578947368,0,0,0
2,349,1,100,0.507920270448259,0.217680115906397,3.64432,1,0.3,1,27.848558398,Inf,1,0,0,0.536842105263158,0,0,0
1,350,1,100,0.507920270448259,0.217680115906397,3.64432,1,0.3,1,27.848558398,Inf,1,0,0,0.284210526315789,0,0,0
2,350,1,100,0.507920270448259,0.217680115906397,3.64432,1,0.3,1,27.848558398,Inf,1,0,0,0.536842105263158,0,0,0
1,351,1,100,0.507920270448259,0.217680115906397,3.64432,1,0.3,1,27.848558398,Inf,1,0,0,0.315789473684211,0,0,0
2,351,1,100,0.507920270448259,0.217680115906397,3.64432,1,0.3,1,27.848558398,Inf,1,0,0,0.536842105263158,0,0,0
1,352,1,100,0.507920270448259,0.217680115906397,3.64432,1,0.3,1,27.848558398,Inf,1,0,0,0.347368421052632,0,0,0
2,352,1,100,0.507920270448259,0.217680115906397,3.64432,1,0.3,1,27.848558398,Inf,1,0,0,0.536842105263158,0,0,0
1,353,1,100,0.507920270448259,0.217680115906397,3.64432,1,0.3,1,27.848558398,Inf,1,0,0,0.378947368421053,0,0,0
2,353,1,100,0.507920270448259,0.217680115906397,3.64432,1,0.3,1,27.848558398,Inf,1,0,0,0.536842105263158,0,0,0
1,354,1,100,0.507920270448259,0.217680115906397,3.64432,1,0.3,1,27.848558398,Inf,1,0,0,0.410526315789474,0,0,0
2,354,1,100,0.507920270448259,0.217680115906397,3.64432,1,0.3,1,27.848558398,Inf,1,0,0,0.536842105263158,0,0,0
1,355,1,100,0.507920270448259,0.217680115906397,3.64432,1,0.3,1,27.848558398,Inf,1,0,0,0.442105263157895,0,0,0
2,355,1,100,0.507920270448259,0.217680115906397,3.64432,1,0.3,1,27.848558398,Inf,1,0,0,0.536842105263158,0,0,0
1,356,1,100,0.507920270448259,0.217680115906397,3.64432,1,0.3,1,27.848558398,Inf,1,0,0,0.473684210526316,0,0,0
2,356,1,100,0.507920270448259,0.217680115906397,3.64432,1,0.3,1,27.848558398,Inf,1,0,0,0.536842105263158,0,0,0
1,357,1,100,0.507920270448259,0.217680115906397,3.64432,1,0.3,1,27.848558398,Inf,1,0,0,0.505263157894737,0,0,0
2,357,1,100,0.507920270448259,0.217680115906397,3.64432,1,0.3,1,27.848558398,Inf,1,0,0,0.536842105263158,0,0,0
1,358,1,100,0.507920270448259,0.217680115906397,3.64432,1,0.3,1,27.848558398,Inf,1,0,0,0.536842105263158,0,0,0
2,358,1,100,0.507920270448259,0.217680115906397,3.64432,1,0.3,1,27.848558398,Inf,1,0,0,0.536842105263158,0,0,0
1,359,1,100,0.507920270448259,0.217680115906397,3.64432,1,0.3,1,27.848558398,Inf,1,0,0,0.568421052631579,0,0,0
2,359,1,100,0.507920270448259,0.217680115906397,3.64432,1,0.3,1,27.848558398,Inf,1,0,0,0.536842105263158,0,0,0
1,360,1,100,0.507920270448259,0.217680115906397,3.64432,1,0.3,1,27.848558398,Inf,1,0,0,0.6,0,0,0
2,360,1,100,0.507920270448259,0.217680115906397,3.64432,1,0.3,1,27.848558398,Inf,1,0,0,0.536842105263158,0,0,0
1,361,1,100,0.507920270448259,0.217680115906397,3.64432,1,0.3,1,27.848558398,Inf,1,0,0,0,0,0,0
2,361,1,100,0.507920270448259,0.217680115906397,3.64432,1,0.3,1,27.848558398,Inf,1,0,0,0.568421052631579,0,0,0
1,362,1,100,0.507920270448259,0.217680115906397,3.64432,1,0.3,1,27.848558398,Inf,1,0,0,0.0315789473684211,0,0,0
2,362,1,100,0.507920270448259,0.217680115906397,3.64432,1,0.3,1,27.848558398,Inf,1,0,0,0.568421052631579,0,0,0
1,363,1,100,0.507920270448259,0.217680115906397,3.64432,1,0.3,1,27.848558398,Inf,1,0,0,0.0631578947368421,0,0,0
2,363,1,100,0.507920270448259,0.217680115906397,3.64432,1,0.3,1,27.848558398,Inf,1,0,0,0.568421052631579,0,0,0
1,364,1,100,0.507920270448259,0.217680115906397,3.64432,1,0.3,1,27.848558398,Inf,1,0,0,0.0947368421052632,0,0,0
2,364,1,100,0.507920270448259,0.217680115906397,3.64432,1,0.3,1,27.848558398,Inf,1,0,0,0.568421052631579,0,0,0
1,365,1,100,0.507920270448259,0.217680115906397,3.64432,1,0.3,1,27.848558398,Inf,1,0,0,0.126315789473684,0,0,0
2,365,1,100,0.507920270448259,0.217680115906397,3.64432,1,0.3,1,27.848558398,Inf,1,0,0,0.568421052631579,0,0,0
1,366,1,100,0.507920270448259,0.217680115906397,3.64432,1,0.3,1,27.848558398,Inf,1,0,0,0.157894736842105,0,0,0
2,366,1,100,0.507920270448259,0.217680115906397,3.64432,1,0.3,1,27.848558398,Inf,1,0,0,0.568421052631579,0,0,0
1,367,1,100,0.507920270448259,0.217680115906397,3.64432,1,0.3,1,27.848558398,Inf,1,0,0,0.189473684210526,0,0,0
2,367,1,100,0.507920270448259,0.217680115906397,3.64432,1,0.3,1,27.848558398,Inf,1,0,0,0.568421052631579,0,0,0
1,368,1,100,0.507920270448259,0.217680115906397,3.64432,1,0.3,1,27.848558398,Inf,1,0,0,0.221052631578947,0,0,0
2,368,1,100,0.507920270448259,0.217680115906397,3.64432,1,0.3,1,27.848558398,Inf,1,0,0,0.568421052631579,0,0,0
1,369,1,100,0.507920270448259,0.217680115906397,3.64432,1,0.3,1,27.848558398,Inf,1,0,0,0.252631578947368,0,0,0
2,369,1,100,0.507920270448259,0.217680115906397,3.64432,1,0.3,1,27.848558398,Inf,1,0,0,0.568421052631579,0,0,0
1,370,1,100,0.507920270448259,0.217680115906397,3.64432,1,0.3,1,27.848558398,Inf,1,0,0,0.284210526315789,0,0,0
2,370,1,100,0.507920270448259,0.217680115906397,3.64432,1,0.3,1,27.848558398,Inf,1,0,0,0.568421052631579,0,0,0
1,371,1,100,0.507920270448259,0.217680115906397,3.64432,1,0.3,1,27.848558398,Inf,1,0,0,0.315789473684211,0,0,0
2,371,1,100,0.507920270448259,0.217680115906397,3.64432,1,0.3,1,27.848558398,Inf,1,0,0,0.568421052631579,0,0,0
1,372,1,100,0.507920270448259,0.217680115906397,3.64432,1,0.3,1,27.848558398,Inf,1,0,0,0.347368421052632,0,0,0
2,372,1,100,0.507920270448259,0.217680115906397,3.64432,1,0.3,1,27.848558398,Inf,1,0,0,0.568421052631579,0,0,0
1,373,1,100,0.507920270448259,0.217680115906397,3.64432,1,0.3,1,27.848558398,Inf,1,0,0,0.378947368421053,0,0,0
2,373,1,100,0.507920270448259,0.217680115906397,3.64432,1,0.3,1,27.848558398,Inf,1,0,0,0.568421052631579,0,0,0
1,374,1,100,0.507920270448259,0.217680115906397,3.64432,1,0.3,1,27.848558398,Inf,1,0,0,0.410526315789474,0,0,0
2,374,1,100,0.507920270448259,0.217680115906397,3.64432,1,0.3,1,27.848558398,Inf,1,0,0,0.568421052631579,0,0,0
1,375,1,100,0.507920270448259,0.217680115906397,3.64432,1,0.3,1,27.848558398,Inf,1,0,0,0.442105263157895,0,0,0
2,375,1,100,0.507920270448259,0.217680115906397,3.64432,1,0.3,1,27.848558398,Inf,1,0,0,0.568421052631579,0,0,0
1,376,1,100,0.507920270448259,0.217680115906397,3.64432,1,0.3,1,27.848558398,Inf,1,0,0,0.473684210526316,0,0,0
2,376,1,100,0.507920270448259,0.217680115906397,3.64432,1,0.3,1,27.848558398,Inf,1,0,0,0.568421052631579,0,0,0
1,377,1,100,0.507920270448259,0.217680115906397,3.64432,1,0.3,1,27.848558398,Inf,1,0,0,0.505263157894737,0,0,0
2,377,1,100,0.507920270448259,0.217680115906397,3.64432,1,0.3,1,27.848558398,Inf,1,0,0,0.568421052631579,0,0,0
1,378,1,100,0.507920270448259,0.217680115906397,3.64432,1,0.3,1,27.848558398,Inf,1,0,0,0.536842105263158,0,0,0
2,378,1,100,0.507920270448259,0.217680115906397,3.64432,1,0.3,1,27.848558398,Inf,1,0,0,0.568421052631579,0,0,0
1,379,1,100,0.507920270448259,0.217680115906397,3.64432,1,0.3,1,27.848558398,Inf,1,0,0,0.568421052631579,0,0,0
2,379,1,100,0.507920270448259,0.217680115906397,3.64432,1,0.3,1,27.848558398,Inf,1,0,0,0.568421052631579,0,0,0
1,380,1,100,0.507920270448259,0.217680115906397,3.64432,1,0.3,1,27.848558398,Inf,1,0,0,0.6,0,0,0
2,380,1,100,0.507920270448259,0.217680115906397,3.64432,1,0.3,1,27.848558398,Inf,1,0,0,0.568421052631579,0,0,0
1,381,1,100,0.507920270448259,0.217680115906397,3.64432,1,0.3,1,27.848558398,Inf,1,0,0,0,0,0,0
2,381,1,100,0.507920270448259,0.217680115906397,3.64432,1,0.3,1,27.848558398,Inf,1,0,0,0.6,0,0,0
1,382,1,100,0.507920270448259,0.217680115906397,3.64432,1,0.3,1,27.848558398,Inf,1,0,0,0.0315789473684211,0,0,0
2,382,1,100,0.507920270448259,0.217680115906397,3.64432,1,0.3,1,27.848558398,Inf,1,0,0,0.6,0,0,0
1,383,1,100,0.507920270448259,0.217680115906397,3.64432,1,0.3,1,27.848558398,Inf,1,0,0,0.0631578947368421,0,0,0
2,383,1,100,0.507920270448259,0.217680115906397,3.64432,1,0.3,1,27.848558398,Inf,1,0,0,0.6,0,0,0
1,384,1,100,0.507920270448259,0.217680115906397,3.64432,1,0.3,1,27.848558398,Inf,1,0,0,0.0947368421052632,0,0,0
2,384,1,100,0.507920270448259,0.217680115906397,3.64432,1,0.3,1,27.848558398,Inf,1,0,0,0.6,0,0,0
1,385,1,100,0.507920270448259,0.217680115906397,3.64432,1,0.3,1,27.848558398,Inf,1,0,0,0.126315789473684,0,0,0
2,385,1,100,0.507920270448259,0.217680115906397,3.64432,1,0.3,1,27.848558398,Inf,1,0,0,0.6,0,0,0
1,386,1,100,0.507920270448259,0.217680115906397,3.64432,1,0.3,1,27.848558398,Inf,1,0,0,0.157894736842105,0,0,0
2,386,1,100,0.507920270448259,0.217680115906397,3.64432,1,0.3,1,27.848558398,Inf,1,0,0,0.6,0,0,0
1,387,1,100,0.507920270448259,0.217680115906397,3.64432,1,0.3,1,27.848558398,Inf,1,0,0,0.189473684210526,0,0,0
2,387,1,100,0.507920270448259,0.217680115906397,3.64432,1,0.3,1,27.848558398,Inf,1,0,0,0.6,0,0,0
1,388,1,100,0.507920270448259,0.217680115906397,3.64432,1,0.3,1,27.848558398,Inf,1,0,0,0.221052631578947,0,0,0
2,388,1,100,0.507920270448259,0.217680115906397,3.64432,1,0.3,1,27.848558398,Inf,1,0,0,0.6,0,0,0
1,389,1,100,0.507920270448259,0.217680115906397,3.64432,1,0.3,1,27.848558398,Inf,1,0,0,0.252631578947368,0,0,0
2,389,1,100,0.507920270448259,0.217680115906397,3.64432,1,0.3,1,27.848558398,Inf,1,0,0,0.6,0,0,0
1,390,1,100,0.507920270448259,0.217680115906397,3.64432,1,0.3,1,27.848558398,Inf,1,0,0,0.284210526315789,0,0,0
2,390,1,100,0.507920270448259,0.217680115906397,3.64432,1,0.3,1,27.848558398,Inf,1,0,0,0.6,0,0,0
1,391,1,100,0.507920270448259,0.217680115906397,3.64432,1,0.3,1,27.848558398,Inf,1,0,0,0.315789473684211,0,0,0
2,391,1,100,0.507920270448259,0.217680115906397,3.64432,1,0.3,1,27.848558398,Inf,1,0,0,0.6,0,0,0
1,392,1,100,0.507920270448259,0.217680115906397,3.64432,1,0.3,1,27.848558398,Inf,1,0,0,0.347368421052632,0,0,0
2,392,1,100,0.507920270448259,0.217680115906397,3.64432,1,0.3,1,27.848558398,Inf,1,0,0,0.6,0,0,0
1,393,1,100,0.507920270448259,0.217680115906397,3.64432,1,0.3,1,27.848558398,Inf,1,0,0,0.378947368421053,0,0,0
2,393,1,100,0.507920270448259,0.217680115906397,3.64432,1,0.3,1,27.848558398,Inf,1,0,0,0.6,0,0,0
1,394,1,100,0.507920270448259,0.217680115906397,3.64432,1,0.3,1,27.848558398,Inf,1,0,0,0.410526315789474,0,0,0
2,394,1,100,0.507920270448259,0.217680115906397,3.64432,1,0.3,1,27.848558398,Inf,1,0,0,0.6,0,0,0
1,395,1,100,0.507920270448259,0.217680115906397,3.64432,1,0.3,1,27.848558398,Inf,1,0,0,0.442105263157895,0,0,0
2,395,1,100,0.507920270448259,0.217680115906397,3.64432,1,0.3,1,27.848558398,Inf,1,0,0,0.6,0,0,0
1,396,1,100,0.507920270448259,0.217680115906397,3.64432,1,0.3,1,27.848558398,Inf,1,0,0,0.473684210526316,0,0,0
2,396,1,100,0.507920270448259,0.217680115906397,3.64432,1,0.3,1,27.848558398,Inf,1,0,0,0.6,0,0,0
1,397,1,100,0.507920270448259,0.217680115906397,3.64432,1,0.3,1,27.848558398,Inf,1,0,0,0.505263157894737,0,0,0
2,397,1,100,0.507920270448259,0.217680115906397,3.64432,1,0.3,1,27.848558398,Inf,1,0,0,0.6,0,0,0
1,398,1,100,0.507920270448259,0.217680115906397,3.64432,1,0.3,1,27.848558398,Inf,1,0,0,0.536842105263158,0,0,0
2,398,1,100,0.507920270448259,0.217680115906397,3.64432,1,0.3,1,27.848558398,Inf,1,0,0,0.6,0,0,0
1,399,1,100,0.507920270448259,0.217680115906397,3.64432,1,0.3,1,27.848558398,Inf,1,0,0,0.568421052631579,0,0,0
2,399,1,100,0.507920270448259,0.217680115906397,3.64432,1,0.3,1,27.848558398,Inf,1,0,0,0.6,0,0,0
1,400,1,100,0.507920270448259,0.217680115906397,3.64432,1,0.3,1,27.848558398,Inf,1,0,0,0.6,0,0,0
2,400,1,100,0.507920270448259,0.217680115906397,3.64432,1,0.3,1,27.848558398,Inf,1,0,0,0.6,0,0,0
