producing_state,consuming_state,firm_id,year,iceberg_trade_cost,non_iceberg_trade_cost
1,1,1,1,0,0
1,2,1,1,0,0
2,1,1,1,0,0
2,2,1,1,0,0
1,1,1,2,0,0
1,2,1,2,0,0
2,1,1,2,0,0
2,2,1,2,0,0
1,1,1,3,0,0
1,2,1,3,0,0
2,1,1,3,0,0
2,2,1,3,0,0
1,1,1,4,0,0
1,2,1,4,0,0
2,1,1,4,0,0
2,2,1,4,0,0
1,1,1,5,0,0
1,2,1,5,0,0
2,1,1,5,0,0
2,2,1,5,0,0
1,1,1,6,0,0
1,2,1,6,0,0
2,1,1,6,0,0
2,2,1,6,0,0
1,1,1,7,0,0
1,2,1,7,0,0
2,1,1,7,0,0
2,2,1,7,0,0
1,1,1,8,0,0
1,2,1,8,0,0
2,1,1,8,0,0
2,2,1,8,0,0
1,1,1,9,0,0
1,2,1,9,0,0
2,1,1,9,0,0
2,2,1,9,0,0
1,1,1,10,0,0
1,2,1,10,0,0
2,1,1,10,0,0
2,2,1,10,0,0
1,1,1,11,0,0
1,2,1,11,0,0
2,1,1,11,0,0
2,2,1,11,0,0
1,1,1,12,0,0
1,2,1,12,0,0
2,1,1,12,0,0
2,2,1,12,0,0
1,1,1,13,0,0
1,2,1,13,0,0
2,1,1,13,0,0
2,2,1,13,0,0
1,1,1,14,0,0
1,2,1,14,0,0
2,1,1,14,0,0
2,2,1,14,0,0
1,1,1,15,0,0
1,2,1,15,0,0
2,1,1,15,0,0
2,2,1,15,0,0
1,1,1,16,0,0
1,2,1,16,0,0
2,1,1,16,0,0
2,2,1,16,0,0
1,1,1,17,0,0
1,2,1,17,0,0
2,1,1,17,0,0
2,2,1,17,0,0
1,1,1,18,0,0
1,2,1,18,0,0
2,1,1,18,0,0
2,2,1,18,0,0
1,1,1,19,0,0
1,2,1,19,0,0
2,1,1,19,0,0
2,2,1,19,0,0
1,1,1,20,0,0
1,2,1,20,0,0
2,1,1,20,0,0
2,2,1,20,0,0
1,1,1,21,0,0
1,2,1,21,0,0
2,1,1,21,0,0
2,2,1,21,0,0
1,1,1,22,0,0
1,2,1,22,0,0
2,1,1,22,0,0
2,2,1,22,0,0
1,1,1,23,0,0
1,2,1,23,0,0
2,1,1,23,0,0
2,2,1,23,0,0
1,1,1,24,0,0
1,2,1,24,0,0
2,1,1,24,0,0
2,2,1,24,0,0
1,1,1,25,0,0
1,2,1,25,0,0
2,1,1,25,0,0
2,2,1,25,0,0
1,1,1,26,0,0
1,2,1,26,0,0
2,1,1,26,0,0
2,2,1,26,0,0
1,1,1,27,0,0
1,2,1,27,0,0
2,1,1,27,0,0
2,2,1,27,0,0
1,1,1,28,0,0
1,2,1,28,0,0
2,1,1,28,0,0
2,2,1,28,0,0
1,1,1,29,0,0
1,2,1,29,0,0
2,1,1,29,0,0
2,2,1,29,0,0
1,1,1,30,0,0
1,2,1,30,0,0
2,1,1,30,0,0
2,2,1,30,0,0
1,1,1,31,0,0
1,2,1,31,0,0
2,1,1,31,0,0
2,2,1,31,0,0
1,1,1,32,0,0
1,2,1,32,0,0
2,1,1,32,0,0
2,2,1,32,0,0
1,1,1,33,0,0
1,2,1,33,0,0
2,1,1,33,0,0
2,2,1,33,0,0
1,1,1,34,0,0
1,2,1,34,0,0
2,1,1,34,0,0
2,2,1,34,0,0
1,1,1,35,0,0
1,2,1,35,0,0
2,1,1,35,0,0
2,2,1,35,0,0
1,1,1,36,0,0
1,2,1,36,0,0
2,1,1,36,0,0
2,2,1,36,0,0
1,1,1,37,0,0
1,2,1,37,0,0
2,1,1,37,0,0
2,2,1,37,0,0
1,1,1,38,0,0
1,2,1,38,0,0
2,1,1,38,0,0
2,2,1,38,0,0
1,1,1,39,0,0
1,2,1,39,0,0
2,1,1,39,0,0
2,2,1,39,0,0
1,1,1,40,0,0
1,2,1,40,0,0
2,1,1,40,0,0
2,2,1,40,0,0
1,1,1,41,0,0
1,2,1,41,0,0
2,1,1,41,0,0
2,2,1,41,0,0
1,1,1,42,0,0
1,2,1,42,0,0
2,1,1,42,0,0
2,2,1,42,0,0
1,1,1,43,0,0
1,2,1,43,0,0
2,1,1,43,0,0
2,2,1,43,0,0
1,1,1,44,0,0
1,2,1,44,0,0
2,1,1,44,0,0
2,2,1,44,0,0
1,1,1,45,0,0
1,2,1,45,0,0
2,1,1,45,0,0
2,2,1,45,0,0
1,1,1,46,0,0
1,2,1,46,0,0
2,1,1,46,0,0
2,2,1,46,0,0
1,1,1,47,0,0
1,2,1,47,0,0
2,1,1,47,0,0
2,2,1,47,0,0
1,1,1,48,0,0
1,2,1,48,0,0
2,1,1,48,0,0
2,2,1,48,0,0
1,1,1,49,0,0
1,2,1,49,0,0
2,1,1,49,0,0
2,2,1,49,0,0
1,1,1,50,0,0
1,2,1,50,0,0
2,1,1,50,0,0
2,2,1,50,0,0
1,1,1,51,0,0
1,2,1,51,0,0
2,1,1,51,0,0
2,2,1,51,0,0
1,1,1,52,0,0
1,2,1,52,0,0
2,1,1,52,0,0
2,2,1,52,0,0
1,1,1,53,0,0
1,2,1,53,0,0
2,1,1,53,0,0
2,2,1,53,0,0
1,1,1,54,0,0
1,2,1,54,0,0
2,1,1,54,0,0
2,2,1,54,0,0
1,1,1,55,0,0
1,2,1,55,0,0
2,1,1,55,0,0
2,2,1,55,0,0
1,1,1,56,0,0
1,2,1,56,0,0
2,1,1,56,0,0
2,2,1,56,0,0
1,1,1,57,0,0
1,2,1,57,0,0
2,1,1,57,0,0
2,2,1,57,0,0
1,1,1,58,0,0
1,2,1,58,0,0
2,1,1,58,0,0
2,2,1,58,0,0
1,1,1,59,0,0
1,2,1,59,0,0
2,1,1,59,0,0
2,2,1,59,0,0
1,1,1,60,0,0
1,2,1,60,0,0
2,1,1,60,0,0
2,2,1,60,0,0
1,1,1,61,0,0
1,2,1,61,0,0
2,1,1,61,0,0
2,2,1,61,0,0
1,1,1,62,0,0
1,2,1,62,0,0
2,1,1,62,0,0
2,2,1,62,0,0
1,1,1,63,0,0
1,2,1,63,0,0
2,1,1,63,0,0
2,2,1,63,0,0
1,1,1,64,0,0
1,2,1,64,0,0
2,1,1,64,0,0
2,2,1,64,0,0
1,1,1,65,0,0
1,2,1,65,0,0
2,1,1,65,0,0
2,2,1,65,0,0
1,1,1,66,0,0
1,2,1,66,0,0
2,1,1,66,0,0
2,2,1,66,0,0
1,1,1,67,0,0
1,2,1,67,0,0
2,1,1,67,0,0
2,2,1,67,0,0
1,1,1,68,0,0
1,2,1,68,0,0
2,1,1,68,0,0
2,2,1,68,0,0
1,1,1,69,0,0
1,2,1,69,0,0
2,1,1,69,0,0
2,2,1,69,0,0
1,1,1,70,0,0
1,2,1,70,0,0
2,1,1,70,0,0
2,2,1,70,0,0
1,1,1,71,0,0
1,2,1,71,0,0
2,1,1,71,0,0
2,2,1,71,0,0
1,1,1,72,0,0
1,2,1,72,0,0
2,1,1,72,0,0
2,2,1,72,0,0
1,1,1,73,0,0
1,2,1,73,0,0
2,1,1,73,0,0
2,2,1,73,0,0
1,1,1,74,0,0
1,2,1,74,0,0
2,1,1,74,0,0
2,2,1,74,0,0
1,1,1,75,0,0
1,2,1,75,0,0
2,1,1,75,0,0
2,2,1,75,0,0
1,1,1,76,0,0
1,2,1,76,0,0
2,1,1,76,0,0
2,2,1,76,0,0
1,1,1,77,0,0
1,2,1,77,0,0
2,1,1,77,0,0
2,2,1,77,0,0
1,1,1,78,0,0
1,2,1,78,0,0
2,1,1,78,0,0
2,2,1,78,0,0
1,1,1,79,0,0
1,2,1,79,0,0
2,1,1,79,0,0
2,2,1,79,0,0
1,1,1,80,0,0
1,2,1,80,0,0
2,1,1,80,0,0
2,2,1,80,0,0
1,1,1,81,0,0
1,2,1,81,0,0
2,1,1,81,0,0
2,2,1,81,0,0
1,1,1,82,0,0
1,2,1,82,0,0
2,1,1,82,0,0
2,2,1,82,0,0
1,1,1,83,0,0
1,2,1,83,0,0
2,1,1,83,0,0
2,2,1,83,0,0
1,1,1,84,0,0
1,2,1,84,0,0
2,1,1,84,0,0
2,2,1,84,0,0
1,1,1,85,0,0
1,2,1,85,0,0
2,1,1,85,0,0
2,2,1,85,0,0
1,1,1,86,0,0
1,2,1,86,0,0
2,1,1,86,0,0
2,2,1,86,0,0
1,1,1,87,0,0
1,2,1,87,0,0
2,1,1,87,0,0
2,2,1,87,0,0
1,1,1,88,0,0
1,2,1,88,0,0
2,1,1,88,0,0
2,2,1,88,0,0
1,1,1,89,0,0
1,2,1,89,0,0
2,1,1,89,0,0
2,2,1,89,0,0
1,1,1,90,0,0
1,2,1,90,0,0
2,1,1,90,0,0
2,2,1,90,0,0
1,1,1,91,0,0
1,2,1,91,0,0
2,1,1,91,0,0
2,2,1,91,0,0
1,1,1,92,0,0
1,2,1,92,0,0
2,1,1,92,0,0
2,2,1,92,0,0
1,1,1,93,0,0
1,2,1,93,0,0
2,1,1,93,0,0
2,2,1,93,0,0
1,1,1,94,0,0
1,2,1,94,0,0
2,1,1,94,0,0
2,2,1,94,0,0
1,1,1,95,0,0
1,2,1,95,0,0
2,1,1,95,0,0
2,2,1,95,0,0
1,1,1,96,0,0
1,2,1,96,0,0
2,1,1,96,0,0
2,2,1,96,0,0
1,1,1,97,0,0
1,2,1,97,0,0
2,1,1,97,0,0
2,2,1,97,0,0
1,1,1,98,0,0
1,2,1,98,0,0
2,1,1,98,0,0
2,2,1,98,0,0
1,1,1,99,0,0
1,2,1,99,0,0
2,1,1,99,0,0
2,2,1,99,0,0
1,1,1,100,0,0
1,2,1,100,0,0
2,1,1,100,0,0
2,2,1,100,0,0
1,1,1,101,0,0
1,2,1,101,0,0
2,1,1,101,0,0
2,2,1,101,0,0
1,1,1,102,0,0
1,2,1,102,0,0
2,1,1,102,0,0
2,2,1,102,0,0
1,1,1,103,0,0
1,2,1,103,0,0
2,1,1,103,0,0
2,2,1,103,0,0
1,1,1,104,0,0
1,2,1,104,0,0
2,1,1,104,0,0
2,2,1,104,0,0
1,1,1,105,0,0
1,2,1,105,0,0
2,1,1,105,0,0
2,2,1,105,0,0
1,1,1,106,0,0
1,2,1,106,0,0
2,1,1,106,0,0
2,2,1,106,0,0
1,1,1,107,0,0
1,2,1,107,0,0
2,1,1,107,0,0
2,2,1,107,0,0
1,1,1,108,0,0
1,2,1,108,0,0
2,1,1,108,0,0
2,2,1,108,0,0
1,1,1,109,0,0
1,2,1,109,0,0
2,1,1,109,0,0
2,2,1,109,0,0
1,1,1,110,0,0
1,2,1,110,0,0
2,1,1,110,0,0
2,2,1,110,0,0
1,1,1,111,0,0
1,2,1,111,0,0
2,1,1,111,0,0
2,2,1,111,0,0
1,1,1,112,0,0
1,2,1,112,0,0
2,1,1,112,0,0
2,2,1,112,0,0
1,1,1,113,0,0
1,2,1,113,0,0
2,1,1,113,0,0
2,2,1,113,0,0
1,1,1,114,0,0
1,2,1,114,0,0
2,1,1,114,0,0
2,2,1,114,0,0
1,1,1,115,0,0
1,2,1,115,0,0
2,1,1,115,0,0
2,2,1,115,0,0
1,1,1,116,0,0
1,2,1,116,0,0
2,1,1,116,0,0
2,2,1,116,0,0
1,1,1,117,0,0
1,2,1,117,0,0
2,1,1,117,0,0
2,2,1,117,0,0
1,1,1,118,0,0
1,2,1,118,0,0
2,1,1,118,0,0
2,2,1,118,0,0
1,1,1,119,0,0
1,2,1,119,0,0
2,1,1,119,0,0
2,2,1,119,0,0
1,1,1,120,0,0
1,2,1,120,0,0
2,1,1,120,0,0
2,2,1,120,0,0
1,1,1,121,0,0
1,2,1,121,0,0
2,1,1,121,0,0
2,2,1,121,0,0
1,1,1,122,0,0
1,2,1,122,0,0
2,1,1,122,0,0
2,2,1,122,0,0
1,1,1,123,0,0
1,2,1,123,0,0
2,1,1,123,0,0
2,2,1,123,0,0
1,1,1,124,0,0
1,2,1,124,0,0
2,1,1,124,0,0
2,2,1,124,0,0
1,1,1,125,0,0
1,2,1,125,0,0
2,1,1,125,0,0
2,2,1,125,0,0
1,1,1,126,0,0
1,2,1,126,0,0
2,1,1,126,0,0
2,2,1,126,0,0
1,1,1,127,0,0
1,2,1,127,0,0
2,1,1,127,0,0
2,2,1,127,0,0
1,1,1,128,0,0
1,2,1,128,0,0
2,1,1,128,0,0
2,2,1,128,0,0
1,1,1,129,0,0
1,2,1,129,0,0
2,1,1,129,0,0
2,2,1,129,0,0
1,1,1,130,0,0
1,2,1,130,0,0
2,1,1,130,0,0
2,2,1,130,0,0
1,1,1,131,0,0
1,2,1,131,0,0
2,1,1,131,0,0
2,2,1,131,0,0
1,1,1,132,0,0
1,2,1,132,0,0
2,1,1,132,0,0
2,2,1,132,0,0
1,1,1,133,0,0
1,2,1,133,0,0
2,1,1,133,0,0
2,2,1,133,0,0
1,1,1,134,0,0
1,2,1,134,0,0
2,1,1,134,0,0
2,2,1,134,0,0
1,1,1,135,0,0
1,2,1,135,0,0
2,1,1,135,0,0
2,2,1,135,0,0
1,1,1,136,0,0
1,2,1,136,0,0
2,1,1,136,0,0
2,2,1,136,0,0
1,1,1,137,0,0
1,2,1,137,0,0
2,1,1,137,0,0
2,2,1,137,0,0
1,1,1,138,0,0
1,2,1,138,0,0
2,1,1,138,0,0
2,2,1,138,0,0
1,1,1,139,0,0
1,2,1,139,0,0
2,1,1,139,0,0
2,2,1,139,0,0
1,1,1,140,0,0
1,2,1,140,0,0
2,1,1,140,0,0
2,2,1,140,0,0
1,1,1,141,0,0
1,2,1,141,0,0
2,1,1,141,0,0
2,2,1,141,0,0
1,1,1,142,0,0
1,2,1,142,0,0
2,1,1,142,0,0
2,2,1,142,0,0
1,1,1,143,0,0
1,2,1,143,0,0
2,1,1,143,0,0
2,2,1,143,0,0
1,1,1,144,0,0
1,2,1,144,0,0
2,1,1,144,0,0
2,2,1,144,0,0
1,1,1,145,0,0
1,2,1,145,0,0
2,1,1,145,0,0
2,2,1,145,0,0
1,1,1,146,0,0
1,2,1,146,0,0
2,1,1,146,0,0
2,2,1,146,0,0
1,1,1,147,0,0
1,2,1,147,0,0
2,1,1,147,0,0
2,2,1,147,0,0
1,1,1,148,0,0
1,2,1,148,0,0
2,1,1,148,0,0
2,2,1,148,0,0
1,1,1,149,0,0
1,2,1,149,0,0
2,1,1,149,0,0
2,2,1,149,0,0
1,1,1,150,0,0
1,2,1,150,0,0
2,1,1,150,0,0
2,2,1,150,0,0
1,1,1,151,0,0
1,2,1,151,0,0
2,1,1,151,0,0
2,2,1,151,0,0
1,1,1,152,0,0
1,2,1,152,0,0
2,1,1,152,0,0
2,2,1,152,0,0
1,1,1,153,0,0
1,2,1,153,0,0
2,1,1,153,0,0
2,2,1,153,0,0
1,1,1,154,0,0
1,2,1,154,0,0
2,1,1,154,0,0
2,2,1,154,0,0
1,1,1,155,0,0
1,2,1,155,0,0
2,1,1,155,0,0
2,2,1,155,0,0
1,1,1,156,0,0
1,2,1,156,0,0
2,1,1,156,0,0
2,2,1,156,0,0
1,1,1,157,0,0
1,2,1,157,0,0
2,1,1,157,0,0
2,2,1,157,0,0
1,1,1,158,0,0
1,2,1,158,0,0
2,1,1,158,0,0
2,2,1,158,0,0
1,1,1,159,0,0
1,2,1,159,0,0
2,1,1,159,0,0
2,2,1,159,0,0
1,1,1,160,0,0
1,2,1,160,0,0
2,1,1,160,0,0
2,2,1,160,0,0
1,1,1,161,0,0
1,2,1,161,0,0
2,1,1,161,0,0
2,2,1,161,0,0
1,1,1,162,0,0
1,2,1,162,0,0
2,1,1,162,0,0
2,2,1,162,0,0
1,1,1,163,0,0
1,2,1,163,0,0
2,1,1,163,0,0
2,2,1,163,0,0
1,1,1,164,0,0
1,2,1,164,0,0
2,1,1,164,0,0
2,2,1,164,0,0
1,1,1,165,0,0
1,2,1,165,0,0
2,1,1,165,0,0
2,2,1,165,0,0
1,1,1,166,0,0
1,2,1,166,0,0
2,1,1,166,0,0
2,2,1,166,0,0
1,1,1,167,0,0
1,2,1,167,0,0
2,1,1,167,0,0
2,2,1,167,0,0
1,1,1,168,0,0
1,2,1,168,0,0
2,1,1,168,0,0
2,2,1,168,0,0
1,1,1,169,0,0
1,2,1,169,0,0
2,1,1,169,0,0
2,2,1,169,0,0
1,1,1,170,0,0
1,2,1,170,0,0
2,1,1,170,0,0
2,2,1,170,0,0
1,1,1,171,0,0
1,2,1,171,0,0
2,1,1,171,0,0
2,2,1,171,0,0
1,1,1,172,0,0
1,2,1,172,0,0
2,1,1,172,0,0
2,2,1,172,0,0
1,1,1,173,0,0
1,2,1,173,0,0
2,1,1,173,0,0
2,2,1,173,0,0
1,1,1,174,0,0
1,2,1,174,0,0
2,1,1,174,0,0
2,2,1,174,0,0
1,1,1,175,0,0
1,2,1,175,0,0
2,1,1,175,0,0
2,2,1,175,0,0
1,1,1,176,0,0
1,2,1,176,0,0
2,1,1,176,0,0
2,2,1,176,0,0
1,1,1,177,0,0
1,2,1,177,0,0
2,1,1,177,0,0
2,2,1,177,0,0
1,1,1,178,0,0
1,2,1,178,0,0
2,1,1,178,0,0
2,2,1,178,0,0
1,1,1,179,0,0
1,2,1,179,0,0
2,1,1,179,0,0
2,2,1,179,0,0
1,1,1,180,0,0
1,2,1,180,0,0
2,1,1,180,0,0
2,2,1,180,0,0
1,1,1,181,0,0
1,2,1,181,0,0
2,1,1,181,0,0
2,2,1,181,0,0
1,1,1,182,0,0
1,2,1,182,0,0
2,1,1,182,0,0
2,2,1,182,0,0
1,1,1,183,0,0
1,2,1,183,0,0
2,1,1,183,0,0
2,2,1,183,0,0
1,1,1,184,0,0
1,2,1,184,0,0
2,1,1,184,0,0
2,2,1,184,0,0
1,1,1,185,0,0
1,2,1,185,0,0
2,1,1,185,0,0
2,2,1,185,0,0
1,1,1,186,0,0
1,2,1,186,0,0
2,1,1,186,0,0
2,2,1,186,0,0
1,1,1,187,0,0
1,2,1,187,0,0
2,1,1,187,0,0
2,2,1,187,0,0
1,1,1,188,0,0
1,2,1,188,0,0
2,1,1,188,0,0
2,2,1,188,0,0
1,1,1,189,0,0
1,2,1,189,0,0
2,1,1,189,0,0
2,2,1,189,0,0
1,1,1,190,0,0
1,2,1,190,0,0
2,1,1,190,0,0
2,2,1,190,0,0
1,1,1,191,0,0
1,2,1,191,0,0
2,1,1,191,0,0
2,2,1,191,0,0
1,1,1,192,0,0
1,2,1,192,0,0
2,1,1,192,0,0
2,2,1,192,0,0
1,1,1,193,0,0
1,2,1,193,0,0
2,1,1,193,0,0
2,2,1,193,0,0
1,1,1,194,0,0
1,2,1,194,0,0
2,1,1,194,0,0
2,2,1,194,0,0
1,1,1,195,0,0
1,2,1,195,0,0
2,1,1,195,0,0
2,2,1,195,0,0
1,1,1,196,0,0
1,2,1,196,0,0
2,1,1,196,0,0
2,2,1,196,0,0
1,1,1,197,0,0
1,2,1,197,0,0
2,1,1,197,0,0
2,2,1,197,0,0
1,1,1,198,0,0
1,2,1,198,0,0
2,1,1,198,0,0
2,2,1,198,0,0
1,1,1,199,0,0
1,2,1,199,0,0
2,1,1,199,0,0
2,2,1,199,0,0
1,1,1,200,0,0
1,2,1,200,0,0
2,1,1,200,0,0
2,2,1,200,0,0
1,1,1,201,0,0
1,2,1,201,0,0
2,1,1,201,0,0
2,2,1,201,0,0
1,1,1,202,0,0
1,2,1,202,0,0
2,1,1,202,0,0
2,2,1,202,0,0
1,1,1,203,0,0
1,2,1,203,0,0
2,1,1,203,0,0
2,2,1,203,0,0
1,1,1,204,0,0
1,2,1,204,0,0
2,1,1,204,0,0
2,2,1,204,0,0
1,1,1,205,0,0
1,2,1,205,0,0
2,1,1,205,0,0
2,2,1,205,0,0
1,1,1,206,0,0
1,2,1,206,0,0
2,1,1,206,0,0
2,2,1,206,0,0
1,1,1,207,0,0
1,2,1,207,0,0
2,1,1,207,0,0
2,2,1,207,0,0
1,1,1,208,0,0
1,2,1,208,0,0
2,1,1,208,0,0
2,2,1,208,0,0
1,1,1,209,0,0
1,2,1,209,0,0
2,1,1,209,0,0
2,2,1,209,0,0
1,1,1,210,0,0
1,2,1,210,0,0
2,1,1,210,0,0
2,2,1,210,0,0
1,1,1,211,0,0
1,2,1,211,0,0
2,1,1,211,0,0
2,2,1,211,0,0
1,1,1,212,0,0
1,2,1,212,0,0
2,1,1,212,0,0
2,2,1,212,0,0
1,1,1,213,0,0
1,2,1,213,0,0
2,1,1,213,0,0
2,2,1,213,0,0
1,1,1,214,0,0
1,2,1,214,0,0
2,1,1,214,0,0
2,2,1,214,0,0
1,1,1,215,0,0
1,2,1,215,0,0
2,1,1,215,0,0
2,2,1,215,0,0
1,1,1,216,0,0
1,2,1,216,0,0
2,1,1,216,0,0
2,2,1,216,0,0
1,1,1,217,0,0
1,2,1,217,0,0
2,1,1,217,0,0
2,2,1,217,0,0
1,1,1,218,0,0
1,2,1,218,0,0
2,1,1,218,0,0
2,2,1,218,0,0
1,1,1,219,0,0
1,2,1,219,0,0
2,1,1,219,0,0
2,2,1,219,0,0
1,1,1,220,0,0
1,2,1,220,0,0
2,1,1,220,0,0
2,2,1,220,0,0
1,1,1,221,0,0
1,2,1,221,0,0
2,1,1,221,0,0
2,2,1,221,0,0
1,1,1,222,0,0
1,2,1,222,0,0
2,1,1,222,0,0
2,2,1,222,0,0
1,1,1,223,0,0
1,2,1,223,0,0
2,1,1,223,0,0
2,2,1,223,0,0
1,1,1,224,0,0
1,2,1,224,0,0
2,1,1,224,0,0
2,2,1,224,0,0
1,1,1,225,0,0
1,2,1,225,0,0
2,1,1,225,0,0
2,2,1,225,0,0
1,1,1,226,0,0
1,2,1,226,0,0
2,1,1,226,0,0
2,2,1,226,0,0
1,1,1,227,0,0
1,2,1,227,0,0
2,1,1,227,0,0
2,2,1,227,0,0
1,1,1,228,0,0
1,2,1,228,0,0
2,1,1,228,0,0
2,2,1,228,0,0
1,1,1,229,0,0
1,2,1,229,0,0
2,1,1,229,0,0
2,2,1,229,0,0
1,1,1,230,0,0
1,2,1,230,0,0
2,1,1,230,0,0
2,2,1,230,0,0
1,1,1,231,0,0
1,2,1,231,0,0
2,1,1,231,0,0
2,2,1,231,0,0
1,1,1,232,0,0
1,2,1,232,0,0
2,1,1,232,0,0
2,2,1,232,0,0
1,1,1,233,0,0
1,2,1,233,0,0
2,1,1,233,0,0
2,2,1,233,0,0
1,1,1,234,0,0
1,2,1,234,0,0
2,1,1,234,0,0
2,2,1,234,0,0
1,1,1,235,0,0
1,2,1,235,0,0
2,1,1,235,0,0
2,2,1,235,0,0
1,1,1,236,0,0
1,2,1,236,0,0
2,1,1,236,0,0
2,2,1,236,0,0
1,1,1,237,0,0
1,2,1,237,0,0
2,1,1,237,0,0
2,2,1,237,0,0
1,1,1,238,0,0
1,2,1,238,0,0
2,1,1,238,0,0
2,2,1,238,0,0
1,1,1,239,0,0
1,2,1,239,0,0
2,1,1,239,0,0
2,2,1,239,0,0
1,1,1,240,0,0
1,2,1,240,0,0
2,1,1,240,0,0
2,2,1,240,0,0
1,1,1,241,0,0
1,2,1,241,0,0
2,1,1,241,0,0
2,2,1,241,0,0
1,1,1,242,0,0
1,2,1,242,0,0
2,1,1,242,0,0
2,2,1,242,0,0
1,1,1,243,0,0
1,2,1,243,0,0
2,1,1,243,0,0
2,2,1,243,0,0
1,1,1,244,0,0
1,2,1,244,0,0
2,1,1,244,0,0
2,2,1,244,0,0
1,1,1,245,0,0
1,2,1,245,0,0
2,1,1,245,0,0
2,2,1,245,0,0
1,1,1,246,0,0
1,2,1,246,0,0
2,1,1,246,0,0
2,2,1,246,0,0
1,1,1,247,0,0
1,2,1,247,0,0
2,1,1,247,0,0
2,2,1,247,0,0
1,1,1,248,0,0
1,2,1,248,0,0
2,1,1,248,0,0
2,2,1,248,0,0
1,1,1,249,0,0
1,2,1,249,0,0
2,1,1,249,0,0
2,2,1,249,0,0
1,1,1,250,0,0
1,2,1,250,0,0
2,1,1,250,0,0
2,2,1,250,0,0
1,1,1,251,0,0
1,2,1,251,0,0
2,1,1,251,0,0
2,2,1,251,0,0
1,1,1,252,0,0
1,2,1,252,0,0
2,1,1,252,0,0
2,2,1,252,0,0
1,1,1,253,0,0
1,2,1,253,0,0
2,1,1,253,0,0
2,2,1,253,0,0
1,1,1,254,0,0
1,2,1,254,0,0
2,1,1,254,0,0
2,2,1,254,0,0
1,1,1,255,0,0
1,2,1,255,0,0
2,1,1,255,0,0
2,2,1,255,0,0
1,1,1,256,0,0
1,2,1,256,0,0
2,1,1,256,0,0
2,2,1,256,0,0
1,1,1,257,0,0
1,2,1,257,0,0
2,1,1,257,0,0
2,2,1,257,0,0
1,1,1,258,0,0
1,2,1,258,0,0
2,1,1,258,0,0
2,2,1,258,0,0
1,1,1,259,0,0
1,2,1,259,0,0
2,1,1,259,0,0
2,2,1,259,0,0
1,1,1,260,0,0
1,2,1,260,0,0
2,1,1,260,0,0
2,2,1,260,0,0
1,1,1,261,0,0
1,2,1,261,0,0
2,1,1,261,0,0
2,2,1,261,0,0
1,1,1,262,0,0
1,2,1,262,0,0
2,1,1,262,0,0
2,2,1,262,0,0
1,1,1,263,0,0
1,2,1,263,0,0
2,1,1,263,0,0
2,2,1,263,0,0
1,1,1,264,0,0
1,2,1,264,0,0
2,1,1,264,0,0
2,2,1,264,0,0
1,1,1,265,0,0
1,2,1,265,0,0
2,1,1,265,0,0
2,2,1,265,0,0
1,1,1,266,0,0
1,2,1,266,0,0
2,1,1,266,0,0
2,2,1,266,0,0
1,1,1,267,0,0
1,2,1,267,0,0
2,1,1,267,0,0
2,2,1,267,0,0
1,1,1,268,0,0
1,2,1,268,0,0
2,1,1,268,0,0
2,2,1,268,0,0
1,1,1,269,0,0
1,2,1,269,0,0
2,1,1,269,0,0
2,2,1,269,0,0
1,1,1,270,0,0
1,2,1,270,0,0
2,1,1,270,0,0
2,2,1,270,0,0
1,1,1,271,0,0
1,2,1,271,0,0
2,1,1,271,0,0
2,2,1,271,0,0
1,1,1,272,0,0
1,2,1,272,0,0
2,1,1,272,0,0
2,2,1,272,0,0
1,1,1,273,0,0
1,2,1,273,0,0
2,1,1,273,0,0
2,2,1,273,0,0
1,1,1,274,0,0
1,2,1,274,0,0
2,1,1,274,0,0
2,2,1,274,0,0
1,1,1,275,0,0
1,2,1,275,0,0
2,1,1,275,0,0
2,2,1,275,0,0
1,1,1,276,0,0
1,2,1,276,0,0
2,1,1,276,0,0
2,2,1,276,0,0
1,1,1,277,0,0
1,2,1,277,0,0
2,1,1,277,0,0
2,2,1,277,0,0
1,1,1,278,0,0
1,2,1,278,0,0
2,1,1,278,0,0
2,2,1,278,0,0
1,1,1,279,0,0
1,2,1,279,0,0
2,1,1,279,0,0
2,2,1,279,0,0
1,1,1,280,0,0
1,2,1,280,0,0
2,1,1,280,0,0
2,2,1,280,0,0
1,1,1,281,0,0
1,2,1,281,0,0
2,1,1,281,0,0
2,2,1,281,0,0
1,1,1,282,0,0
1,2,1,282,0,0
2,1,1,282,0,0
2,2,1,282,0,0
1,1,1,283,0,0
1,2,1,283,0,0
2,1,1,283,0,0
2,2,1,283,0,0
1,1,1,284,0,0
1,2,1,284,0,0
2,1,1,284,0,0
2,2,1,284,0,0
1,1,1,285,0,0
1,2,1,285,0,0
2,1,1,285,0,0
2,2,1,285,0,0
1,1,1,286,0,0
1,2,1,286,0,0
2,1,1,286,0,0
2,2,1,286,0,0
1,1,1,287,0,0
1,2,1,287,0,0
2,1,1,287,0,0
2,2,1,287,0,0
1,1,1,288,0,0
1,2,1,288,0,0
2,1,1,288,0,0
2,2,1,288,0,0
1,1,1,289,0,0
1,2,1,289,0,0
2,1,1,289,0,0
2,2,1,289,0,0
1,1,1,290,0,0
1,2,1,290,0,0
2,1,1,290,0,0
2,2,1,290,0,0
1,1,1,291,0,0
1,2,1,291,0,0
2,1,1,291,0,0
2,2,1,291,0,0
1,1,1,292,0,0
1,2,1,292,0,0
2,1,1,292,0,0
2,2,1,292,0,0
1,1,1,293,0,0
1,2,1,293,0,0
2,1,1,293,0,0
2,2,1,293,0,0
1,1,1,294,0,0
1,2,1,294,0,0
2,1,1,294,0,0
2,2,1,294,0,0
1,1,1,295,0,0
1,2,1,295,0,0
2,1,1,295,0,0
2,2,1,295,0,0
1,1,1,296,0,0
1,2,1,296,0,0
2,1,1,296,0,0
2,2,1,296,0,0
1,1,1,297,0,0
1,2,1,297,0,0
2,1,1,297,0,0
2,2,1,297,0,0
1,1,1,298,0,0
1,2,1,298,0,0
2,1,1,298,0,0
2,2,1,298,0,0
1,1,1,299,0,0
1,2,1,299,0,0
2,1,1,299,0,0
2,2,1,299,0,0
1,1,1,300,0,0
1,2,1,300,0,0
2,1,1,300,0,0
2,2,1,300,0,0
1,1,1,301,0,0
1,2,1,301,0,0
2,1,1,301,0,0
2,2,1,301,0,0
1,1,1,302,0,0
1,2,1,302,0,0
2,1,1,302,0,0
2,2,1,302,0,0
1,1,1,303,0,0
1,2,1,303,0,0
2,1,1,303,0,0
2,2,1,303,0,0
1,1,1,304,0,0
1,2,1,304,0,0
2,1,1,304,0,0
2,2,1,304,0,0
1,1,1,305,0,0
1,2,1,305,0,0
2,1,1,305,0,0
2,2,1,305,0,0
1,1,1,306,0,0
1,2,1,306,0,0
2,1,1,306,0,0
2,2,1,306,0,0
1,1,1,307,0,0
1,2,1,307,0,0
2,1,1,307,0,0
2,2,1,307,0,0
1,1,1,308,0,0
1,2,1,308,0,0
2,1,1,308,0,0
2,2,1,308,0,0
1,1,1,309,0,0
1,2,1,309,0,0
2,1,1,309,0,0
2,2,1,309,0,0
1,1,1,310,0,0
1,2,1,310,0,0
2,1,1,310,0,0
2,2,1,310,0,0
1,1,1,311,0,0
1,2,1,311,0,0
2,1,1,311,0,0
2,2,1,311,0,0
1,1,1,312,0,0
1,2,1,312,0,0
2,1,1,312,0,0
2,2,1,312,0,0
1,1,1,313,0,0
1,2,1,313,0,0
2,1,1,313,0,0
2,2,1,313,0,0
1,1,1,314,0,0
1,2,1,314,0,0
2,1,1,314,0,0
2,2,1,314,0,0
1,1,1,315,0,0
1,2,1,315,0,0
2,1,1,315,0,0
2,2,1,315,0,0
1,1,1,316,0,0
1,2,1,316,0,0
2,1,1,316,0,0
2,2,1,316,0,0
1,1,1,317,0,0
1,2,1,317,0,0
2,1,1,317,0,0
2,2,1,317,0,0
1,1,1,318,0,0
1,2,1,318,0,0
2,1,1,318,0,0
2,2,1,318,0,0
1,1,1,319,0,0
1,2,1,319,0,0
2,1,1,319,0,0
2,2,1,319,0,0
1,1,1,320,0,0
1,2,1,320,0,0
2,1,1,320,0,0
2,2,1,320,0,0
1,1,1,321,0,0
1,2,1,321,0,0
2,1,1,321,0,0
2,2,1,321,0,0
1,1,1,322,0,0
1,2,1,322,0,0
2,1,1,322,0,0
2,2,1,322,0,0
1,1,1,323,0,0
1,2,1,323,0,0
2,1,1,323,0,0
2,2,1,323,0,0
1,1,1,324,0,0
1,2,1,324,0,0
2,1,1,324,0,0
2,2,1,324,0,0
1,1,1,325,0,0
1,2,1,325,0,0
2,1,1,325,0,0
2,2,1,325,0,0
1,1,1,326,0,0
1,2,1,326,0,0
2,1,1,326,0,0
2,2,1,326,0,0
1,1,1,327,0,0
1,2,1,327,0,0
2,1,1,327,0,0
2,2,1,327,0,0
1,1,1,328,0,0
1,2,1,328,0,0
2,1,1,328,0,0
2,2,1,328,0,0
1,1,1,329,0,0
1,2,1,329,0,0
2,1,1,329,0,0
2,2,1,329,0,0
1,1,1,330,0,0
1,2,1,330,0,0
2,1,1,330,0,0
2,2,1,330,0,0
1,1,1,331,0,0
1,2,1,331,0,0
2,1,1,331,0,0
2,2,1,331,0,0
1,1,1,332,0,0
1,2,1,332,0,0
2,1,1,332,0,0
2,2,1,332,0,0
1,1,1,333,0,0
1,2,1,333,0,0
2,1,1,333,0,0
2,2,1,333,0,0
1,1,1,334,0,0
1,2,1,334,0,0
2,1,1,334,0,0
2,2,1,334,0,0
1,1,1,335,0,0
1,2,1,335,0,0
2,1,1,335,0,0
2,2,1,335,0,0
1,1,1,336,0,0
1,2,1,336,0,0
2,1,1,336,0,0
2,2,1,336,0,0
1,1,1,337,0,0
1,2,1,337,0,0
2,1,1,337,0,0
2,2,1,337,0,0
1,1,1,338,0,0
1,2,1,338,0,0
2,1,1,338,0,0
2,2,1,338,0,0
1,1,1,339,0,0
1,2,1,339,0,0
2,1,1,339,0,0
2,2,1,339,0,0
1,1,1,340,0,0
1,2,1,340,0,0
2,1,1,340,0,0
2,2,1,340,0,0
1,1,1,341,0,0
1,2,1,341,0,0
2,1,1,341,0,0
2,2,1,341,0,0
1,1,1,342,0,0
1,2,1,342,0,0
2,1,1,342,0,0
2,2,1,342,0,0
1,1,1,343,0,0
1,2,1,343,0,0
2,1,1,343,0,0
2,2,1,343,0,0
1,1,1,344,0,0
1,2,1,344,0,0
2,1,1,344,0,0
2,2,1,344,0,0
1,1,1,345,0,0
1,2,1,345,0,0
2,1,1,345,0,0
2,2,1,345,0,0
1,1,1,346,0,0
1,2,1,346,0,0
2,1,1,346,0,0
2,2,1,346,0,0
1,1,1,347,0,0
1,2,1,347,0,0
2,1,1,347,0,0
2,2,1,347,0,0
1,1,1,348,0,0
1,2,1,348,0,0
2,1,1,348,0,0
2,2,1,348,0,0
1,1,1,349,0,0
1,2,1,349,0,0
2,1,1,349,0,0
2,2,1,349,0,0
1,1,1,350,0,0
1,2,1,350,0,0
2,1,1,350,0,0
2,2,1,350,0,0
1,1,1,351,0,0
1,2,1,351,0,0
2,1,1,351,0,0
2,2,1,351,0,0
1,1,1,352,0,0
1,2,1,352,0,0
2,1,1,352,0,0
2,2,1,352,0,0
1,1,1,353,0,0
1,2,1,353,0,0
2,1,1,353,0,0
2,2,1,353,0,0
1,1,1,354,0,0
1,2,1,354,0,0
2,1,1,354,0,0
2,2,1,354,0,0
1,1,1,355,0,0
1,2,1,355,0,0
2,1,1,355,0,0
2,2,1,355,0,0
1,1,1,356,0,0
1,2,1,356,0,0
2,1,1,356,0,0
2,2,1,356,0,0
1,1,1,357,0,0
1,2,1,357,0,0
2,1,1,357,0,0
2,2,1,357,0,0
1,1,1,358,0,0
1,2,1,358,0,0
2,1,1,358,0,0
2,2,1,358,0,0
1,1,1,359,0,0
1,2,1,359,0,0
2,1,1,359,0,0
2,2,1,359,0,0
1,1,1,360,0,0
1,2,1,360,0,0
2,1,1,360,0,0
2,2,1,360,0,0
1,1,1,361,0,0
1,2,1,361,0,0
2,1,1,361,0,0
2,2,1,361,0,0
1,1,1,362,0,0
1,2,1,362,0,0
2,1,1,362,0,0
2,2,1,362,0,0
1,1,1,363,0,0
1,2,1,363,0,0
2,1,1,363,0,0
2,2,1,363,0,0
1,1,1,364,0,0
1,2,1,364,0,0
2,1,1,364,0,0
2,2,1,364,0,0
1,1,1,365,0,0
1,2,1,365,0,0
2,1,1,365,0,0
2,2,1,365,0,0
1,1,1,366,0,0
1,2,1,366,0,0
2,1,1,366,0,0
2,2,1,366,0,0
1,1,1,367,0,0
1,2,1,367,0,0
2,1,1,367,0,0
2,2,1,367,0,0
1,1,1,368,0,0
1,2,1,368,0,0
2,1,1,368,0,0
2,2,1,368,0,0
1,1,1,369,0,0
1,2,1,369,0,0
2,1,1,369,0,0
2,2,1,369,0,0
1,1,1,370,0,0
1,2,1,370,0,0
2,1,1,370,0,0
2,2,1,370,0,0
1,1,1,371,0,0
1,2,1,371,0,0
2,1,1,371,0,0
2,2,1,371,0,0
1,1,1,372,0,0
1,2,1,372,0,0
2,1,1,372,0,0
2,2,1,372,0,0
1,1,1,373,0,0
1,2,1,373,0,0
2,1,1,373,0,0
2,2,1,373,0,0
1,1,1,374,0,0
1,2,1,374,0,0
2,1,1,374,0,0
2,2,1,374,0,0
1,1,1,375,0,0
1,2,1,375,0,0
2,1,1,375,0,0
2,2,1,375,0,0
1,1,1,376,0,0
1,2,1,376,0,0
2,1,1,376,0,0
2,2,1,376,0,0
1,1,1,377,0,0
1,2,1,377,0,0
2,1,1,377,0,0
2,2,1,377,0,0
1,1,1,378,0,0
1,2,1,378,0,0
2,1,1,378,0,0
2,2,1,378,0,0
1,1,1,379,0,0
1,2,1,379,0,0
2,1,1,379,0,0
2,2,1,379,0,0
1,1,1,380,0,0
1,2,1,380,0,0
2,1,1,380,0,0
2,2,1,380,0,0
1,1,1,381,0,0
1,2,1,381,0,0
2,1,1,381,0,0
2,2,1,381,0,0
1,1,1,382,0,0
1,2,1,382,0,0
2,1,1,382,0,0
2,2,1,382,0,0
1,1,1,383,0,0
1,2,1,383,0,0
2,1,1,383,0,0
2,2,1,383,0,0
1,1,1,384,0,0
1,2,1,384,0,0
2,1,1,384,0,0
2,2,1,384,0,0
1,1,1,385,0,0
1,2,1,385,0,0
2,1,1,385,0,0
2,2,1,385,0,0
1,1,1,386,0,0
1,2,1,386,0,0
2,1,1,386,0,0
2,2,1,386,0,0
1,1,1,387,0,0
1,2,1,387,0,0
2,1,1,387,0,0
2,2,1,387,0,0
1,1,1,388,0,0
1,2,1,388,0,0
2,1,1,388,0,0
2,2,1,388,0,0
1,1,1,389,0,0
1,2,1,389,0,0
2,1,1,389,0,0
2,2,1,389,0,0
1,1,1,390,0,0
1,2,1,390,0,0
2,1,1,390,0,0
2,2,1,390,0,0
1,1,1,391,0,0
1,2,1,391,0,0
2,1,1,391,0,0
2,2,1,391,0,0
1,1,1,392,0,0
1,2,1,392,0,0
2,1,1,392,0,0
2,2,1,392,0,0
1,1,1,393,0,0
1,2,1,393,0,0
2,1,1,393,0,0
2,2,1,393,0,0
1,1,1,394,0,0
1,2,1,394,0,0
2,1,1,394,0,0
2,2,1,394,0,0
1,1,1,395,0,0
1,2,1,395,0,0
2,1,1,395,0,0
2,2,1,395,0,0
1,1,1,396,0,0
1,2,1,396,0,0
2,1,1,396,0,0
2,2,1,396,0,0
1,1,1,397,0,0
1,2,1,397,0,0
2,1,1,397,0,0
2,2,1,397,0,0
1,1,1,398,0,0
1,2,1,398,0,0
2,1,1,398,0,0
2,2,1,398,0,0
1,1,1,399,0,0
1,2,1,399,0,0
2,1,1,399,0,0
2,2,1,399,0,0
1,1,1,400,0,0
1,2,1,400,0,0
2,1,1,400,0,0
2,2,1,400,0,0
